{"Shift": 110002.0, "Total": 44878489, "Accounts": 1293, "Max balance": 810029, "Richest": "67077b2397f99fb6c63185af25cdf49d43736b22b7ea5dd68089a04cd4dbf8cf", "Top 5% wealth": 25320876, "Top 5% ownership": 56.4209637272, "Top 5% accounts": 65, "Top 10% wealth": 35329981, "Top 10% ownership": 78.7236419658, "Top 10% accounts": 129, "Top 25% wealth": 41727528, "Top 25% ownership": 92.9789057738, "Top 25% accounts": 323, "Top 50% wealth": 42134424, "Top 50% ownership": 93.8855673149, "Top 50% accounts": 647, "Date": "23 Jan 2022 10:25 UTC"}