{"Shift": 0.0, "Total": 46588638, "Accounts": 1425, "Max balance": 810030, "Richest": "67077b2397f99fb6c63185af25cdf49d43736b22b7ea5dd68089a04cd4dbf8cf", "Top 5% wealth": 27626800, "Top 5% ownership": 59.2994369142, "Top 5% accounts": 71, "Top 10% wealth": 37650416, "Top 10% ownership": 80.8145883123, "Top 10% accounts": 143, "Top 25% wealth": 43661786, "Top 25% ownership": 93.7176699606, "Top 25% accounts": 356, "Top 50% wealth": 43942605, "Top 50% ownership": 94.320432806, "Top 50% accounts": 713, "Date": "16 Apr 2022 10:29 UTC"}