{"Shift": 177002.0, "Total": 32760669, "Accounts": 714, "Max balance": 1134698, "Richest": "0fbd274ac9b151ce9e204fc607677e5ff65c2cec4c38b8da3d2797105af105fb", "Top 5% wealth": 14740523, "Top 5% ownership": 44.9945726078, "Top 5% accounts": 36, "Top 10% wealth": 23140536, "Top 10% ownership": 70.6351143196, "Top 10% accounts": 71, "Top 25% wealth": 29261807, "Top 25% ownership": 89.319931165, "Top 25% accounts": 179, "Top 50% wealth": 29545385, "Top 50% ownership": 90.1855361989, "Top 50% accounts": 357, "Date": "26 Mar 2021 10:16 UTC"}