{"Shift": 0.0, "Total": 39092470, "Accounts": 1034, "Max balance": 742823, "Richest": "0dc3388ddeb691506362c346509f4f68abd4d6f721b52c1199ff4eb8abcd887c", "Top 5% wealth": 20823296, "Top 5% ownership": 53.2667697897, "Top 5% accounts": 52, "Top 10% wealth": 29451881, "Top 10% ownership": 75.3390128585, "Top 10% accounts": 103, "Top 25% wealth": 34920639, "Top 25% ownership": 89.3283003095, "Top 25% accounts": 259, "Top 50% wealth": 35350307, "Top 50% ownership": 90.4274071196, "Top 50% accounts": 517, "Date": "09 Sep 2021 10:27 UTC"}