{"Shift": 0.0, "Total": 38873788, "Accounts": 1026, "Max balance": 848034, "Richest": "a2d73cf3b37a62276ade44a96860495510d0e7d7c468950d4e49ac8a62b3d31d", "Top 5% wealth": 21089731, "Top 5% ownership": 54.2518032974, "Top 5% accounts": 51, "Top 10% wealth": 30007323, "Top 10% ownership": 77.1916618982, "Top 10% accounts": 103, "Top 25% wealth": 35489251, "Top 25% ownership": 91.2935240579, "Top 25% accounts": 257, "Top 50% wealth": 35935212, "Top 50% ownership": 92.4407263835, "Top 50% accounts": 513, "Date": "02 Sep 2021 10:27 UTC"}