{"Shift": 2.0, "Total": 9589789, "Accounts": 396, "Max balance": 272740, "Richest": "a2d73cf3b37a62276ade44a96860495510d0e7d7c468950d4e49ac8a62b3d31d", "Top 5% wealth": 3791396, "Top 5% ownership": 39.5357603801, "Top 5% accounts": 20, "Top 10% wealth": 6387057, "Top 10% ownership": 66.6026854188, "Top 10% accounts": 40, "Top 25% wealth": 9355025, "Top 25% ownership": 97.5519377955, "Top 25% accounts": 99, "Top 50% wealth": 9533512, "Top 50% ownership": 99.4131570569, "Top 50% accounts": 198, "Date": "22 Dec 2020 10:39 UTC"}