{"Shift": 39204.0, "Total": 14509487, "Accounts": 428, "Max balance": 333300, "Richest": "02252d0bff25e51bdde628c89b48b0e270f4fa51c2dce45bf317d8801b1fdbea", "Top 5% wealth": 5182882, "Top 5% ownership": 35.7206426388, "Top 5% accounts": 21, "Top 10% wealth": 9275846, "Top 10% ownership": 63.9295241796, "Top 10% accounts": 43, "Top 25% wealth": 14098908, "Top 25% ownership": 97.1702721123, "Top 25% accounts": 107, "Top 50% wealth": 14439348, "Top 50% ownership": 99.5165990362, "Top 50% accounts": 214, "Date": "13 Jan 2021 11:03 UTC"}