{"Shift": 0.0, "Total": 32506507, "Accounts": 717, "Max balance": 1134698, "Richest": "0fbd274ac9b151ce9e204fc607677e5ff65c2cec4c38b8da3d2797105af105fb", "Top 5% wealth": 14740519, "Top 5% ownership": 45.3463640372, "Top 5% accounts": 36, "Top 10% wealth": 23278162, "Top 10% ownership": 71.610776267, "Top 10% accounts": 72, "Top 25% wealth": 29073886, "Top 25% ownership": 89.4402034645, "Top 25% accounts": 179, "Top 50% wealth": 29355987, "Top 50% ownership": 90.3080327886, "Top 50% accounts": 359, "Date": "01 Apr 2021 10:17 UTC"}