{"Shift": 0.0, "Total": 30211711, "Accounts": 609, "Max balance": 600000, "Richest": "e49d214572d379e0e7137a9b47c950dcd813ef2aa72f250cf6de442e482683c7", "Top 5% wealth": 11480397, "Top 5% ownership": 37.9998239755, "Top 5% accounts": 30, "Top 10% wealth": 19987294, "Top 10% ownership": 66.1574380875, "Top 10% accounts": 61, "Top 25% wealth": 28291194, "Top 25% ownership": 93.6431372589, "Top 25% accounts": 152, "Top 50% wealth": 30093041, "Top 50% ownership": 99.6072052986, "Top 50% accounts": 305, "Date": "10 Mar 2021 10:30 UTC"}