{"Shift": 208.0, "Total": 39454033, "Accounts": 1096, "Max balance": 742820, "Richest": "0dc3388ddeb691506362c346509f4f68abd4d6f721b52c1199ff4eb8abcd887c", "Top 5% wealth": 21677916, "Top 5% ownership": 54.9447403767, "Top 5% accounts": 55, "Top 10% wealth": 30077686, "Top 10% ownership": 76.234756533, "Top 10% accounts": 110, "Top 25% wealth": 35032034, "Top 25% ownership": 88.7920228586, "Top 25% accounts": 274, "Top 50% wealth": 35372591, "Top 50% ownership": 89.6551969731, "Top 50% accounts": 548, "Date": "29 Sep 2021 10:27 UTC"}