{"Shift": 624.0, "Total": 44768487, "Accounts": 1294, "Max balance": 810029, "Richest": "67077b2397f99fb6c63185af25cdf49d43736b22b7ea5dd68089a04cd4dbf8cf", "Top 5% wealth": 25277884, "Top 5% ownership": 56.4635655433, "Top 5% accounts": 65, "Top 10% wealth": 35239983, "Top 10% ownership": 78.7160464011, "Top 10% accounts": 129, "Top 25% wealth": 41625545, "Top 25% ownership": 92.9795661846, "Top 25% accounts": 324, "Top 50% wealth": 42024420, "Top 50% ownership": 93.8705388904, "Top 50% accounts": 647, "Date": "22 Jan 2022 10:26 UTC"}