{"Shift": 0.0, "Total": 41955647, "Accounts": 1165, "Max balance": 793279, "Richest": "67077b2397f99fb6c63185af25cdf49d43736b22b7ea5dd68089a04cd4dbf8cf", "Top 5% wealth": 23424066, "Top 5% ownership": 55.8305440982, "Top 5% accounts": 58, "Top 10% wealth": 32584661, "Top 10% ownership": 77.6645417958, "Top 10% accounts": 117, "Top 25% wealth": 37692102, "Top 25% ownership": 89.8379710364, "Top 25% accounts": 291, "Top 50% wealth": 38061731, "Top 50% ownership": 90.7189704404, "Top 50% accounts": 583, "Date": "06 Nov 2021 10:27 UTC"}