{"Shift": 208930.0, "Total": 45355820, "Accounts": 1374, "Max balance": 810030, "Richest": "67077b2397f99fb6c63185af25cdf49d43736b22b7ea5dd68089a04cd4dbf8cf", "Top 5% wealth": 26491026, "Top 5% ownership": 58.4071151178, "Top 5% accounts": 69, "Top 10% wealth": 36172515, "Top 10% ownership": 79.7527527889, "Top 10% accounts": 137, "Top 25% wealth": 42219537, "Top 25% ownership": 93.0851586412, "Top 25% accounts": 344, "Top 50% wealth": 42529260, "Top 50% ownership": 93.7680324157, "Top 50% accounts": 687, "Date": "12 Feb 2022 10:24 UTC"}