{"Shift": 0.0, "Total": 21968962, "Accounts": 500, "Max balance": 490100, "Richest": "02252d0bff25e51bdde628c89b48b0e270f4fa51c2dce45bf317d8801b1fdbea", "Top 5% wealth": 7963380, "Top 5% ownership": 36.2483216094, "Top 5% accounts": 25, "Top 10% wealth": 14165401, "Top 10% ownership": 64.4791547275, "Top 10% accounts": 50, "Top 25% wealth": 21002849, "Top 25% ownership": 95.6023730206, "Top 25% accounts": 125, "Top 50% wealth": 21877275, "Top 50% ownership": 99.5826521071, "Top 50% accounts": 250, "Date": "11 Feb 2021 10:29 UTC"}