{"Shift": 0.0, "Total": 43957460, "Accounts": 1241, "Max balance": 1617841, "Richest": "6e5ea8507e38be7250cde9b8ff1f7c8e39a1460de16b38e6f4d5562ae36b5c1a", "Top 5% wealth": 26077428, "Top 5% ownership": 59.3242375697, "Top 5% accounts": 62, "Top 10% wealth": 35747529, "Top 10% ownership": 81.3230086543, "Top 10% accounts": 124, "Top 25% wealth": 40792238, "Top 25% ownership": 92.7993519189, "Top 25% accounts": 310, "Top 50% wealth": 41101062, "Top 50% ownership": 93.5019038862, "Top 50% accounts": 621, "Date": "29 Nov 2021 10:28 UTC"}