{"Shift": 0.0, "Total": 46588638, "Accounts": 1422, "Max balance": 810030, "Richest": "67077b2397f99fb6c63185af25cdf49d43736b22b7ea5dd68089a04cd4dbf8cf", "Top 5% wealth": 27598785, "Top 5% ownership": 59.2393042269, "Top 5% accounts": 71, "Top 10% wealth": 37651679, "Top 10% ownership": 80.8172992737, "Top 10% accounts": 142, "Top 25% wealth": 43521523, "Top 25% ownership": 93.4166029923, "Top 25% accounts": 356, "Top 50% wealth": 43778197, "Top 50% ownership": 93.9675398967, "Top 50% accounts": 711, "Date": "13 Mar 2022 10:26 UTC"}