{"Shift": 62236.0, "Total": 37342589, "Accounts": 978, "Max balance": 800000, "Richest": "e249c7ae7e2ece6a1c2f8b50989cdc94b3bb60174add3445f2166e80d2fcd797", "Top 5% wealth": 19539868, "Top 5% ownership": 52.3259595097, "Top 5% accounts": 49, "Top 10% wealth": 28079331, "Top 10% ownership": 75.1938517171, "Top 10% accounts": 98, "Top 25% wealth": 33938654, "Top 25% ownership": 90.8845768567, "Top 25% accounts": 245, "Top 50% wealth": 34456015, "Top 50% ownership": 92.2700217706, "Top 50% accounts": 489, "Date": "07 Jul 2021 10:28 UTC"}