{"Shift": 2002.0, "Total": 16220284, "Accounts": 445, "Max balance": 390953, "Richest": "a2d73cf3b37a62276ade44a96860495510d0e7d7c468950d4e49ac8a62b3d31d", "Top 5% wealth": 5898026, "Top 5% ownership": 36.362039037, "Top 5% accounts": 22, "Top 10% wealth": 10524288, "Top 10% ownership": 64.8835001903, "Top 10% accounts": 45, "Top 25% wealth": 15701639, "Top 25% ownership": 96.8024912511, "Top 25% accounts": 111, "Top 50% wealth": 16144590, "Top 50% ownership": 99.5333373941, "Top 50% accounts": 223, "Date": "20 Jan 2021 11:08 UTC"}