{"Shift": 0.0, "Total": 46588638, "Accounts": 1423, "Max balance": 810030, "Richest": "67077b2397f99fb6c63185af25cdf49d43736b22b7ea5dd68089a04cd4dbf8cf", "Top 5% wealth": 27582278, "Top 5% ownership": 59.2038728413, "Top 5% accounts": 71, "Top 10% wealth": 37636172, "Top 10% ownership": 80.7840143341, "Top 10% accounts": 142, "Top 25% wealth": 43521668, "Top 25% ownership": 93.416914227, "Top 25% accounts": 356, "Top 50% wealth": 43778294, "Top 50% ownership": 93.967748102, "Top 50% accounts": 712, "Date": "16 Mar 2022 10:27 UTC"}