{"Shift": -2000.0, "Total": 37165669, "Accounts": 953, "Max balance": 800000, "Richest": "e249c7ae7e2ece6a1c2f8b50989cdc94b3bb60174add3445f2166e80d2fcd797", "Top 5% wealth": 19376828, "Top 5% ownership": 52.1363627277, "Top 5% accounts": 48, "Top 10% wealth": 28161074, "Top 10% ownership": 75.7717397741, "Top 10% accounts": 95, "Top 25% wealth": 33825977, "Top 25% ownership": 91.0140404038, "Top 25% accounts": 238, "Top 50% wealth": 34298819, "Top 50% ownership": 92.2862951828, "Top 50% accounts": 477, "Date": "22 Jun 2021 10:30 UTC"}