{"Shift": 0.0, "Total": 12882517, "Accounts": 419, "Max balance": 311940, "Richest": "a2d73cf3b37a62276ade44a96860495510d0e7d7c468950d4e49ac8a62b3d31d", "Top 5% wealth": 4771272, "Top 5% ownership": 37.0367995633, "Top 5% accounts": 21, "Top 10% wealth": 8293755, "Top 10% ownership": 64.3799266867, "Top 10% accounts": 42, "Top 25% wealth": 12507339, "Top 25% ownership": 97.0876964494, "Top 25% accounts": 105, "Top 50% wealth": 12815778, "Top 50% ownership": 99.4819413008, "Top 50% accounts": 210, "Date": "09 Jan 2021 10:49 UTC"}