{"Shift": 1049418.0, "Total": 32641137, "Accounts": 671, "Max balance": 600000, "Richest": "e49d214572d379e0e7137a9b47c950dcd813ef2aa72f250cf6de442e482683c7", "Top 5% wealth": 13383922, "Top 5% ownership": 41.0032346606, "Top 5% accounts": 34, "Top 10% wealth": 22133945, "Top 10% ownership": 67.8099693647, "Top 10% accounts": 67, "Top 25% wealth": 30604166, "Top 25% ownership": 93.7594974097, "Top 25% accounts": 168, "Top 50% wealth": 32525143, "Top 50% ownership": 99.6446386043, "Top 50% accounts": 336, "Date": "16 Mar 2021 10:31 UTC"}