{"Shift": 0.0, "Total": 35208310, "Accounts": 844, "Max balance": 1000000, "Richest": "0fbd274ac9b151ce9e204fc607677e5ff65c2cec4c38b8da3d2797105af105fb", "Top 5% wealth": 16712790, "Top 5% ownership": 47.4683107482, "Top 5% accounts": 42, "Top 10% wealth": 25270610, "Top 10% ownership": 71.774561176, "Top 10% accounts": 84, "Top 25% wealth": 30919882, "Top 25% ownership": 87.8198413954, "Top 25% accounts": 211, "Top 50% wealth": 31360298, "Top 50% ownership": 89.0707279049, "Top 50% accounts": 422, "Date": "21 May 2021 10:33 UTC"}