{"Shift": 156.0, "Total": 41955181, "Accounts": 1139, "Max balance": 833431, "Richest": "6e5ea8507e38be7250cde9b8ff1f7c8e39a1460de16b38e6f4d5562ae36b5c1a", "Top 5% wealth": 23635787, "Top 5% ownership": 56.3358003389, "Top 5% accounts": 57, "Top 10% wealth": 32576222, "Top 10% ownership": 77.6452901014, "Top 10% accounts": 114, "Top 25% wealth": 37699176, "Top 25% ownership": 89.8558297246, "Top 25% accounts": 285, "Top 50% wealth": 38044283, "Top 50% ownership": 90.6783908285, "Top 50% accounts": 570, "Date": "19 Oct 2021 10:27 UTC"}