{"Shift": 260.0, "Total": 39954399, "Accounts": 1107, "Max balance": 742820, "Richest": "0dc3388ddeb691506362c346509f4f68abd4d6f721b52c1199ff4eb8abcd887c", "Top 5% wealth": 21911408, "Top 5% ownership": 54.8410401568, "Top 5% accounts": 55, "Top 10% wealth": 30585455, "Top 10% ownership": 76.5509074483, "Top 10% accounts": 111, "Top 25% wealth": 35549196, "Top 25% ownership": 88.9744230667, "Top 25% accounts": 277, "Top 50% wealth": 35871620, "Top 50% ownership": 89.781403044, "Top 50% accounts": 554, "Date": "01 Oct 2021 10:27 UTC"}