{"Shift": 0.0, "Total": 46588638, "Accounts": 1423, "Max balance": 810030, "Richest": "67077b2397f99fb6c63185af25cdf49d43736b22b7ea5dd68089a04cd4dbf8cf", "Top 5% wealth": 27642278, "Top 5% ownership": 59.3326596068, "Top 5% accounts": 71, "Top 10% wealth": 37636170, "Top 10% ownership": 80.7840100412, "Top 10% accounts": 142, "Top 25% wealth": 43521666, "Top 25% ownership": 93.4169099341, "Top 25% accounts": 356, "Top 50% wealth": 43778294, "Top 50% ownership": 93.967748102, "Top 50% accounts": 712, "Date": "17 Mar 2022 10:29 UTC"}