{"Shift": -254266.0, "Total": 32506403, "Accounts": 717, "Max balance": 1134698, "Richest": "0fbd274ac9b151ce9e204fc607677e5ff65c2cec4c38b8da3d2797105af105fb", "Top 5% wealth": 14740531, "Top 5% ownership": 45.3465460328, "Top 5% accounts": 36, "Top 10% wealth": 23248142, "Top 10% ownership": 71.5186543402, "Top 10% accounts": 72, "Top 25% wealth": 29042856, "Top 25% ownership": 89.3450315004, "Top 25% accounts": 179, "Top 50% wealth": 29310208, "Top 50% ownership": 90.1674910017, "Top 50% accounts": 359, "Date": "29 Mar 2021 10:16 UTC"}