{"Shift": 0.0, "Total": 11248721, "Accounts": 412, "Max balance": 292340, "Richest": "a2d73cf3b37a62276ade44a96860495510d0e7d7c468950d4e49ac8a62b3d31d", "Top 5% wealth": 4338184, "Top 5% ownership": 38.5660200835, "Top 5% accounts": 21, "Top 10% wealth": 7305033, "Top 10% ownership": 64.9410097379, "Top 10% accounts": 41, "Top 25% wealth": 10900612, "Top 25% ownership": 96.90534595, "Top 25% accounts": 103, "Top 50% wealth": 11183652, "Top 50% ownership": 99.4215431248, "Top 50% accounts": 206, "Date": "31 Dec 2020 10:44 UTC"}