{"Shift": 1332936.0, "Total": 9589787, "Accounts": 394, "Max balance": 272740, "Richest": "a2d73cf3b37a62276ade44a96860495510d0e7d7c468950d4e49ac8a62b3d31d", "Top 5% wealth": 3790453, "Top 5% ownership": 39.5259352476, "Top 5% accounts": 20, "Top 10% wealth": 6268460, "Top 10% ownership": 65.3659982229, "Top 10% accounts": 39, "Top 25% wealth": 9355050, "Top 25% ownership": 97.5522188345, "Top 25% accounts": 99, "Top 50% wealth": 9532537, "Top 50% ownership": 99.4030107238, "Top 50% accounts": 197, "Date": "21 Dec 2020 10:36 UTC"}