{"Shift": 80908.0, "Total": 38652912, "Accounts": 1020, "Max balance": 827634, "Richest": "a2d73cf3b37a62276ade44a96860495510d0e7d7c468950d4e49ac8a62b3d31d", "Top 5% wealth": 21030634, "Top 5% ownership": 54.4089252577, "Top 5% accounts": 51, "Top 10% wealth": 29662742, "Top 10% ownership": 76.7412866591, "Top 10% accounts": 102, "Top 25% wealth": 35248777, "Top 25% ownership": 91.1930697485, "Top 25% accounts": 255, "Top 50% wealth": 35705038, "Top 50% ownership": 92.373474992, "Top 50% accounts": 510, "Date": "21 Aug 2021 10:26 UTC"}