{"Shift": 504.0, "Total": 8256851, "Accounts": 389, "Max balance": 253140, "Richest": "a2d73cf3b37a62276ade44a96860495510d0e7d7c468950d4e49ac8a62b3d31d", "Top 5% wealth": 3280853, "Top 5% ownership": 39.7349183121, "Top 5% accounts": 19, "Top 10% wealth": 5507051, "Top 10% ownership": 66.696746738, "Top 10% accounts": 39, "Top 25% wealth": 8053186, "Top 25% ownership": 97.533381673, "Top 25% accounts": 97, "Top 50% wealth": 8203351, "Top 50% ownership": 99.3520532222, "Top 50% accounts": 195, "Date": "20 Dec 2020 10:33 UTC"}