{"Shift": 78408.0, "Total": 9668197, "Accounts": 397, "Max balance": 272740, "Richest": "a2d73cf3b37a62276ade44a96860495510d0e7d7c468950d4e49ac8a62b3d31d", "Top 5% wealth": 3806896, "Top 5% ownership": 39.3754492177, "Top 5% accounts": 20, "Top 10% wealth": 6387847, "Top 10% ownership": 66.0707161842, "Top 10% accounts": 40, "Top 25% wealth": 9426007, "Top 25% ownership": 97.494982777, "Top 25% accounts": 99, "Top 50% wealth": 9611997, "Top 50% ownership": 99.4187127134, "Top 50% accounts": 199, "Date": "23 Dec 2020 10:39 UTC"}