{"Shift": 520.0, "Total": 43956169, "Accounts": 1177, "Max balance": 1963091, "Richest": "6e5ea8507e38be7250cde9b8ff1f7c8e39a1460de16b38e6f4d5562ae36b5c1a", "Top 5% wealth": 25456202, "Top 5% ownership": 57.9126948029, "Top 5% accounts": 59, "Top 10% wealth": 34604371, "Top 10% ownership": 78.7247200729, "Top 10% accounts": 118, "Top 25% wealth": 39693730, "Top 25% ownership": 90.3029788606, "Top 25% accounts": 294, "Top 50% wealth": 40056959, "Top 50% ownership": 91.1293224849, "Top 50% accounts": 589, "Date": "11 Nov 2021 10:28 UTC"}