{"Shift": 0.0, "Total": 36153803, "Accounts": 905, "Max balance": 1000000, "Richest": "0fbd274ac9b151ce9e204fc607677e5ff65c2cec4c38b8da3d2797105af105fb", "Top 5% wealth": 18129469, "Top 5% ownership": 50.1453996416, "Top 5% accounts": 45, "Top 10% wealth": 27253218, "Top 10% ownership": 75.381331253, "Top 10% accounts": 91, "Top 25% wealth": 32868615, "Top 25% ownership": 90.9132989412, "Top 25% accounts": 226, "Top 50% wealth": 33259256, "Top 50% ownership": 91.9937966139, "Top 50% accounts": 453, "Date": "10 Jun 2021 10:33 UTC"}