{"Shift": 312.0, "Total": 43957772, "Accounts": 1249, "Max balance": 1325333, "Richest": "6e5ea8507e38be7250cde9b8ff1f7c8e39a1460de16b38e6f4d5562ae36b5c1a", "Top 5% wealth": 25883220, "Top 5% ownership": 58.8820106715, "Top 5% accounts": 62, "Top 10% wealth": 35790462, "Top 10% ownership": 81.4201001816, "Top 10% accounts": 125, "Top 25% wealth": 40941044, "Top 25% ownership": 93.1372135967, "Top 25% accounts": 312, "Top 50% wealth": 41251091, "Top 50% ownership": 93.8425427931, "Top 50% accounts": 625, "Date": "01 Dec 2021 10:28 UTC"}