{"Shift": 0.0, "Total": 35210890, "Accounts": 816, "Max balance": 1234702, "Richest": "0fbd274ac9b151ce9e204fc607677e5ff65c2cec4c38b8da3d2797105af105fb", "Top 5% wealth": 17421620, "Top 5% ownership": 49.4779314013, "Top 5% accounts": 41, "Top 10% wealth": 26168470, "Top 10% ownership": 74.3192517997, "Top 10% accounts": 82, "Top 25% wealth": 31812887, "Top 25% ownership": 90.3495679888, "Top 25% accounts": 204, "Top 50% wealth": 32248810, "Top 50% ownership": 91.5876025855, "Top 50% accounts": 408, "Date": "09 May 2021 10:31 UTC"}