{"Shift": 0.0, "Total": 41954873, "Accounts": 1125, "Max balance": 935436, "Richest": "6e5ea8507e38be7250cde9b8ff1f7c8e39a1460de16b38e6f4d5562ae36b5c1a", "Top 5% wealth": 23443470, "Top 5% ownership": 55.8778237751, "Top 5% accounts": 56, "Top 10% wealth": 32543405, "Top 10% ownership": 77.5676403549, "Top 10% accounts": 113, "Top 25% wealth": 37714249, "Top 25% ownership": 89.8924160729, "Top 25% accounts": 281, "Top 50% wealth": 38071400, "Top 50% ownership": 90.7436902502, "Top 50% accounts": 563, "Date": "16 Oct 2021 10:27 UTC"}