{"Shift": 0.0, "Total": 45958190, "Accounts": 1272, "Max balance": 1817815, "Richest": "6e5ea8507e38be7250cde9b8ff1f7c8e39a1460de16b38e6f4d5562ae36b5c1a", "Top 5% wealth": 26707496, "Top 5% ownership": 58.112593207, "Top 5% accounts": 64, "Top 10% wealth": 36396388, "Top 10% ownership": 79.1945635805, "Top 10% accounts": 127, "Top 25% wealth": 42695039, "Top 25% ownership": 92.8997399593, "Top 25% accounts": 318, "Top 50% wealth": 43104856, "Top 50% ownership": 93.7914569743, "Top 50% accounts": 636, "Date": "09 Jan 2022 10:28 UTC"}