{"Shift": 0.0, "Total": 43957772, "Accounts": 1250, "Max balance": 1325333, "Richest": "6e5ea8507e38be7250cde9b8ff1f7c8e39a1460de16b38e6f4d5562ae36b5c1a", "Top 5% wealth": 26140366, "Top 5% ownership": 59.466994824, "Top 5% accounts": 63, "Top 10% wealth": 35819254, "Top 10% ownership": 81.4855994066, "Top 10% accounts": 125, "Top 25% wealth": 41029838, "Top 25% ownership": 93.3392120056, "Top 25% accounts": 313, "Top 50% wealth": 41350581, "Top 50% ownership": 94.0688736454, "Top 50% accounts": 625, "Date": "04 Dec 2021 10:28 UTC"}