{"Shift": 208.0, "Total": 39954607, "Accounts": 1110, "Max balance": 742820, "Richest": "0dc3388ddeb691506362c346509f4f68abd4d6f721b52c1199ff4eb8abcd887c", "Top 5% wealth": 22109168, "Top 5% ownership": 55.3357163543, "Top 5% accounts": 56, "Top 10% wealth": 30661956, "Top 10% ownership": 76.741978716, "Top 10% accounts": 111, "Top 25% wealth": 35742699, "Top 25% ownership": 89.4582669778, "Top 25% accounts": 278, "Top 50% wealth": 36071774, "Top 50% ownership": 90.2818891448, "Top 50% accounts": 555, "Date": "02 Oct 2021 10:26 UTC"}