{"Shift": 2000002.0, "Total": 41954874, "Accounts": 1121, "Max balance": 2045988, "Richest": "6e5ea8507e38be7250cde9b8ff1f7c8e39a1460de16b38e6f4d5562ae36b5c1a", "Top 5% wealth": 23876244, "Top 5% ownership": 56.9093450263, "Top 5% accounts": 56, "Top 10% wealth": 32659585, "Top 10% ownership": 77.8445550808, "Top 10% accounts": 112, "Top 25% wealth": 37752523, "Top 25% ownership": 89.9836405181, "Top 25% accounts": 280, "Top 50% wealth": 38083493, "Top 50% ownership": 90.7725119136, "Top 50% accounts": 561, "Date": "13 Oct 2021 10:27 UTC"}