{"Shift": 0.0, "Total": 33326488, "Accounts": 751, "Max balance": 1134698, "Richest": "0fbd274ac9b151ce9e204fc607677e5ff65c2cec4c38b8da3d2797105af105fb", "Top 5% wealth": 15454319, "Top 5% ownership": 46.3724800525, "Top 5% accounts": 38, "Top 10% wealth": 23646153, "Top 10% ownership": 70.9530299142, "Top 10% accounts": 75, "Top 25% wealth": 29473801, "Top 25% ownership": 88.4395649491, "Top 25% accounts": 188, "Top 50% wealth": 29788879, "Top 50% ownership": 89.3849931022, "Top 50% accounts": 376, "Date": "11 Apr 2021 10:16 UTC"}