{"Shift": 7504.0, "Total": 30729229, "Accounts": 655, "Max balance": 600000, "Richest": "e49d214572d379e0e7137a9b47c950dcd813ef2aa72f250cf6de442e482683c7", "Top 5% wealth": 12610722, "Top 5% ownership": 41.0381985178, "Top 5% accounts": 33, "Top 10% wealth": 21391458, "Top 10% ownership": 69.6127390635, "Top 10% accounts": 66, "Top 25% wealth": 29197761, "Top 25% ownership": 95.0162498382, "Top 25% accounts": 164, "Top 50% wealth": 30625177, "Top 50% ownership": 99.6613907886, "Top 50% accounts": 328, "Date": "14 Mar 2021 10:30 UTC"}