{"Shift": 1235436.0, "Total": 17477466, "Accounts": 452, "Max balance": 411700, "Richest": "02252d0bff25e51bdde628c89b48b0e270f4fa51c2dce45bf317d8801b1fdbea", "Top 5% wealth": 6461374, "Top 5% ownership": 36.9697414946, "Top 5% accounts": 23, "Top 10% wealth": 11287646, "Top 10% ownership": 64.5839963299, "Top 10% accounts": 45, "Top 25% wealth": 16933891, "Top 25% ownership": 96.889852339, "Top 25% accounts": 113, "Top 50% wealth": 17399137, "Top 50% ownership": 99.5518286232, "Top 50% accounts": 226, "Date": "25 Jan 2021 11:07 UTC"}