{"Shift": 0.0, "Total": 32583667, "Accounts": 714, "Max balance": 1134698, "Richest": "0fbd274ac9b151ce9e204fc607677e5ff65c2cec4c38b8da3d2797105af105fb", "Top 5% wealth": 14742323, "Top 5% ownership": 45.2445177518, "Top 5% accounts": 36, "Top 10% wealth": 23053792, "Top 10% ownership": 70.7526012956, "Top 10% accounts": 71, "Top 25% wealth": 29097524, "Top 25% ownership": 89.3009494604, "Top 25% accounts": 179, "Top 50% wealth": 29358618, "Top 50% ownership": 90.1022527636, "Top 50% accounts": 357, "Date": "25 Mar 2021 10:13 UTC"}