{"Shift": 66212.0, "Total": 37624578, "Accounts": 1000, "Max balance": 800000, "Richest": "e249c7ae7e2ece6a1c2f8b50989cdc94b3bb60174add3445f2166e80d2fcd797", "Top 5% wealth": 19960963, "Top 5% ownership": 53.052988395, "Top 5% accounts": 50, "Top 10% wealth": 28446195, "Top 10% ownership": 75.605352969, "Top 10% accounts": 100, "Top 25% wealth": 34248208, "Top 25% ownership": 91.0261584861, "Top 25% accounts": 250, "Top 50% wealth": 34734894, "Top 50% ownership": 92.3196906022, "Top 50% accounts": 500, "Date": "15 Jul 2021 10:28 UTC"}