{"Shift": 3502.0, "Total": 44881991, "Accounts": 1294, "Max balance": 810029, "Richest": "67077b2397f99fb6c63185af25cdf49d43736b22b7ea5dd68089a04cd4dbf8cf", "Top 5% wealth": 25247409, "Top 5% ownership": 56.2528721152, "Top 5% accounts": 65, "Top 10% wealth": 35275480, "Top 10% ownership": 78.5960676299, "Top 10% accounts": 129, "Top 25% wealth": 41740500, "Top 25% ownership": 93.0005533845, "Top 25% accounts": 324, "Top 50% wealth": 42137920, "Top 50% ownership": 93.8860310364, "Top 50% accounts": 647, "Date": "25 Jan 2022 10:26 UTC"}