{"Shift": 0.0, "Total": 39092470, "Accounts": 1035, "Max balance": 742820, "Richest": "0dc3388ddeb691506362c346509f4f68abd4d6f721b52c1199ff4eb8abcd887c", "Top 5% wealth": 20723288, "Top 5% ownership": 53.0109455862, "Top 5% accounts": 52, "Top 10% wealth": 29449876, "Top 10% ownership": 75.3338839935, "Top 10% accounts": 104, "Top 25% wealth": 34820619, "Top 25% ownership": 89.0724454096, "Top 25% accounts": 259, "Top 50% wealth": 35250471, "Top 50% ownership": 90.1720228985, "Top 50% accounts": 518, "Date": "10 Sep 2021 10:27 UTC"}