{"Shift": -1.0, "Total": 41954873, "Accounts": 1123, "Max balance": 1295986, "Richest": "6e5ea8507e38be7250cde9b8ff1f7c8e39a1460de16b38e6f4d5562ae36b5c1a", "Top 5% wealth": 23587112, "Top 5% ownership": 56.2201964001, "Top 5% accounts": 56, "Top 10% wealth": 32570499, "Top 10% ownership": 77.6322192657, "Top 10% accounts": 112, "Top 25% wealth": 37731303, "Top 25% ownership": 89.9330645096, "Top 25% accounts": 281, "Top 50% wealth": 38071400, "Top 50% ownership": 90.7436902502, "Top 50% accounts": 562, "Date": "15 Oct 2021 10:27 UTC"}