{"Shift": 101984.0, "Total": 46588638, "Accounts": 1421, "Max balance": 810030, "Richest": "67077b2397f99fb6c63185af25cdf49d43736b22b7ea5dd68089a04cd4dbf8cf", "Top 5% wealth": 27575848, "Top 5% ownership": 59.1900711929, "Top 5% accounts": 71, "Top 10% wealth": 37648578, "Top 10% ownership": 80.8106431444, "Top 10% accounts": 142, "Top 25% wealth": 43516744, "Top 25% ownership": 93.4063451265, "Top 25% accounts": 355, "Top 50% wealth": 43778202, "Top 50% ownership": 93.967550629, "Top 50% accounts": 711, "Date": "11 Mar 2022 10:28 UTC"}