{"Shift": 1703276.0, "Total": 16218277, "Accounts": 442, "Max balance": 390953, "Richest": "a2d73cf3b37a62276ade44a96860495510d0e7d7c468950d4e49ac8a62b3d31d", "Top 5% wealth": 5898026, "Top 5% ownership": 36.366538813, "Top 5% accounts": 22, "Top 10% wealth": 10351679, "Top 10% ownership": 63.827242561, "Top 10% accounts": 44, "Top 25% wealth": 15719454, "Top 25% ownership": 96.9243156964, "Top 25% accounts": 111, "Top 50% wealth": 16142595, "Top 50% ownership": 99.5333536355, "Top 50% accounts": 221, "Date": "18 Jan 2021 11:06 UTC"}