{"Shift": 1783784.0, "Total": 21949360, "Accounts": 490, "Max balance": 490100, "Richest": "02252d0bff25e51bdde628c89b48b0e270f4fa51c2dce45bf317d8801b1fdbea", "Top 5% wealth": 7914384, "Top 5% ownership": 36.0574704684, "Top 5% accounts": 25, "Top 10% wealth": 13921633, "Top 10% ownership": 63.4261454548, "Top 10% accounts": 49, "Top 25% wealth": 21043567, "Top 25% ownership": 95.8732600859, "Top 25% accounts": 123, "Top 50% wealth": 21861203, "Top 50% ownership": 99.5983618657, "Top 50% accounts": 245, "Date": "08 Feb 2021 10:29 UTC"}