{"Shift": 0.0, "Total": 45146479, "Accounts": 1311, "Max balance": 810029, "Richest": "67077b2397f99fb6c63185af25cdf49d43736b22b7ea5dd68089a04cd4dbf8cf", "Top 5% wealth": 25680940, "Top 5% ownership": 56.8835943995, "Top 5% accounts": 66, "Top 10% wealth": 35557153, "Top 10% ownership": 78.7595262966, "Top 10% accounts": 131, "Top 25% wealth": 41984038, "Top 25% ownership": 92.9951547273, "Top 25% accounts": 328, "Top 50% wealth": 42361719, "Top 50% ownership": 93.8317227352, "Top 50% accounts": 656, "Date": "06 Feb 2022 10:25 UTC"}