{"Shift": 0.0, "Total": 38873788, "Accounts": 1026, "Max balance": 800000, "Richest": "e249c7ae7e2ece6a1c2f8b50989cdc94b3bb60174add3445f2166e80d2fcd797", "Top 5% wealth": 20781707, "Top 5% ownership": 53.4594338993, "Top 5% accounts": 51, "Top 10% wealth": 29649312, "Top 10% ownership": 76.2707045683, "Top 10% accounts": 103, "Top 25% wealth": 35086982, "Top 25% ownership": 90.2587162332, "Top 25% accounts": 257, "Top 50% wealth": 35534987, "Top 50% ownership": 91.4111766005, "Top 50% accounts": 513, "Date": "03 Sep 2021 10:27 UTC"}