{"Shift": 0.0, "Total": 32506819, "Accounts": 721, "Max balance": 1134698, "Richest": "0fbd274ac9b151ce9e204fc607677e5ff65c2cec4c38b8da3d2797105af105fb", "Top 5% wealth": 14673678, "Top 5% ownership": 45.1403073306, "Top 5% accounts": 36, "Top 10% wealth": 23239325, "Top 10% ownership": 71.4906155536, "Top 10% accounts": 72, "Top 25% wealth": 29128524, "Top 25% ownership": 89.6074266756, "Top 25% accounts": 180, "Top 50% wealth": 29414754, "Top 50% ownership": 90.4879496207, "Top 50% accounts": 361, "Date": "05 Apr 2021 10:16 UTC"}