{"Shift": -2400.0, "Total": 36179483, "Accounts": 885, "Max balance": 1000000, "Richest": "0fbd274ac9b151ce9e204fc607677e5ff65c2cec4c38b8da3d2797105af105fb", "Top 5% wealth": 18127675, "Top 5% ownership": 50.1048480986, "Top 5% accounts": 44, "Top 10% wealth": 27299645, "Top 10% ownership": 75.4561501058, "Top 10% accounts": 89, "Top 25% wealth": 32947186, "Top 25% ownership": 91.0659392231, "Top 25% accounts": 221, "Top 50% wealth": 33348078, "Top 50% ownership": 92.1740037026, "Top 50% accounts": 443, "Date": "31 May 2021 11:13 UTC"}