{"Shift": 156.0, "Total": 33326488, "Accounts": 736, "Max balance": 1134698, "Richest": "0fbd274ac9b151ce9e204fc607677e5ff65c2cec4c38b8da3d2797105af105fb", "Top 5% wealth": 15264977, "Top 5% ownership": 45.8043373787, "Top 5% accounts": 37, "Top 10% wealth": 23911365, "Top 10% ownership": 71.7488293396, "Top 10% accounts": 74, "Top 25% wealth": 30005080, "Top 25% ownership": 90.0337293267, "Top 25% accounts": 184, "Top 50% wealth": 30335824, "Top 50% ownership": 91.0261651333, "Top 50% accounts": 368, "Date": "09 Apr 2021 10:16 UTC"}