{"Shift": 1312280.0, "Total": 26521672, "Accounts": 556, "Max balance": 600000, "Richest": "e49d214572d379e0e7137a9b47c950dcd813ef2aa72f250cf6de442e482683c7", "Top 5% wealth": 10171340, "Top 5% ownership": 38.3510511705, "Top 5% accounts": 28, "Top 10% wealth": 17726941, "Top 10% ownership": 66.8394549182, "Top 10% accounts": 56, "Top 25% wealth": 25263804, "Top 25% ownership": 95.2572070117, "Top 25% accounts": 139, "Top 50% wealth": 26422345, "Top 50% ownership": 99.6254874127, "Top 50% accounts": 278, "Date": "25 Feb 2021 10:31 UTC"}