{"Shift": 0.0, "Total": 46588638, "Accounts": 1423, "Max balance": 810030, "Richest": "67077b2397f99fb6c63185af25cdf49d43736b22b7ea5dd68089a04cd4dbf8cf", "Top 5% wealth": 27522443, "Top 5% ownership": 59.0754402393, "Top 5% accounts": 71, "Top 10% wealth": 37607078, "Top 10% ownership": 80.7215656315, "Top 10% accounts": 142, "Top 25% wealth": 43565950, "Top 25% ownership": 93.5119631529, "Top 25% accounts": 356, "Top 50% wealth": 43828296, "Top 50% ownership": 94.0750746995, "Top 50% accounts": 712, "Date": "20 Mar 2022 10:27 UTC"}