{"Shift": 0.0, "Total": 37162169, "Accounts": 955, "Max balance": 800000, "Richest": "e249c7ae7e2ece6a1c2f8b50989cdc94b3bb60174add3445f2166e80d2fcd797", "Top 5% wealth": 19270381, "Top 5% ownership": 51.8548338769, "Top 5% accounts": 48, "Top 10% wealth": 28060669, "Top 10% ownership": 75.5086954155, "Top 10% accounts": 96, "Top 25% wealth": 33958806, "Top 25% ownership": 91.3800429679, "Top 25% accounts": 239, "Top 50% wealth": 34470753, "Top 50% ownership": 92.7576455508, "Top 50% accounts": 478, "Date": "28 Jun 2021 10:27 UTC"}