{"Shift": 2002.0, "Total": 25204390, "Accounts": 549, "Max balance": 600000, "Richest": "e49d214572d379e0e7137a9b47c950dcd813ef2aa72f250cf6de442e482683c7", "Top 5% wealth": 9346976, "Top 5% ownership": 37.0847142105, "Top 5% accounts": 27, "Top 10% wealth": 16582737, "Top 10% ownership": 65.7930503377, "Top 10% accounts": 55, "Top 25% wealth": 24071720, "Top 25% ownership": 95.5060606505, "Top 25% accounts": 137, "Top 50% wealth": 25109037, "Top 50% ownership": 99.6216809849, "Top 50% accounts": 275, "Date": "23 Feb 2021 10:35 UTC"}