{"Shift": 26016.0, "Total": 11274737, "Accounts": 414, "Max balance": 292340, "Richest": "a2d73cf3b37a62276ade44a96860495510d0e7d7c468950d4e49ac8a62b3d31d", "Top 5% wealth": 4359924, "Top 5% ownership": 38.6698510129, "Top 5% accounts": 21, "Top 10% wealth": 7326773, "Top 10% ownership": 64.9839814445, "Top 10% accounts": 41, "Top 25% wealth": 10937525, "Top 25% ownership": 97.0091364437, "Top 25% accounts": 104, "Top 50% wealth": 11208570, "Top 50% ownership": 99.4131393043, "Top 50% accounts": 207, "Date": "01 Jan 2021 10:43 UTC"}