{"Shift": 2608211.0, "Total": 30020485, "Accounts": 591, "Max balance": 600000, "Richest": "e49d214572d379e0e7137a9b47c950dcd813ef2aa72f250cf6de442e482683c7", "Top 5% wealth": 11480397, "Top 5% ownership": 38.2418771715, "Top 5% accounts": 30, "Top 10% wealth": 19560641, "Top 10% ownership": 65.1576448548, "Top 10% accounts": 59, "Top 25% wealth": 28033169, "Top 25% ownership": 93.3801335988, "Top 25% accounts": 148, "Top 50% wealth": 29898569, "Top 50% ownership": 99.5938906383, "Top 50% accounts": 296, "Date": "08 Mar 2021 16:36 UTC"}