{"Shift": 0.0, "Total": 37702038, "Accounts": 1004, "Max balance": 800000, "Richest": "e249c7ae7e2ece6a1c2f8b50989cdc94b3bb60174add3445f2166e80d2fcd797", "Top 5% wealth": 20012195, "Top 5% ownership": 53.0798759473, "Top 5% accounts": 50, "Top 10% wealth": 28483168, "Top 10% ownership": 75.548085756, "Top 10% accounts": 100, "Top 25% wealth": 34361322, "Top 25% ownership": 91.1391633524, "Top 25% accounts": 251, "Top 50% wealth": 34850885, "Top 50% ownership": 92.4376687541, "Top 50% accounts": 502, "Date": "22 Jul 2021 10:27 UTC"}