{"Shift": 0.0, "Total": 38745860, "Accounts": 1025, "Max balance": 827634, "Richest": "a2d73cf3b37a62276ade44a96860495510d0e7d7c468950d4e49ac8a62b3d31d", "Top 5% wealth": 20995081, "Top 5% ownership": 54.1866434246, "Top 5% accounts": 51, "Top 10% wealth": 29880423, "Top 10% ownership": 77.1190083276, "Top 10% accounts": 103, "Top 25% wealth": 35348306, "Top 25% ownership": 91.2311818605, "Top 25% accounts": 256, "Top 50% wealth": 35803103, "Top 50% ownership": 92.4049769446, "Top 50% accounts": 513, "Date": "28 Aug 2021 10:26 UTC"}