{"Shift": 0.0, "Total": 35217890, "Accounts": 815, "Max balance": 1234702, "Richest": "0fbd274ac9b151ce9e204fc607677e5ff65c2cec4c38b8da3d2797105af105fb", "Top 5% wealth": 17497185, "Top 5% ownership": 49.6826612838, "Top 5% accounts": 41, "Top 10% wealth": 26205492, "Top 10% ownership": 74.4096026196, "Top 10% accounts": 82, "Top 25% wealth": 31828989, "Top 25% ownership": 90.3773309531, "Top 25% accounts": 204, "Top 50% wealth": 32256833, "Top 50% ownership": 91.5921794293, "Top 50% accounts": 408, "Date": "06 May 2021 10:31 UTC"}