{"Shift": 35932.0, "Total": 37930776, "Accounts": 1004, "Max balance": 800000, "Richest": "e249c7ae7e2ece6a1c2f8b50989cdc94b3bb60174add3445f2166e80d2fcd797", "Top 5% wealth": 20087745, "Top 5% ownership": 52.9589613458, "Top 5% accounts": 50, "Top 10% wealth": 28590791, "Top 10% ownership": 75.3762353821, "Top 10% accounts": 100, "Top 25% wealth": 34526813, "Top 25% ownership": 91.0258545726, "Top 25% accounts": 251, "Top 50% wealth": 35020759, "Top 50% ownership": 92.3280847194, "Top 50% accounts": 502, "Date": "24 Jul 2021 10:27 UTC"}