{"Shift": 34012.0, "Total": 36187815, "Accounts": 906, "Max balance": 1000000, "Richest": "0fbd274ac9b151ce9e204fc607677e5ff65c2cec4c38b8da3d2797105af105fb", "Top 5% wealth": 18427646, "Top 5% ownership": 50.922239986, "Top 5% accounts": 45, "Top 10% wealth": 27368280, "Top 10% ownership": 75.6284401255, "Top 10% accounts": 91, "Top 25% wealth": 32911395, "Top 25% ownership": 90.9460684487, "Top 25% accounts": 227, "Top 50% wealth": 33291318, "Top 50% ownership": 91.9959328851, "Top 50% accounts": 453, "Date": "11 Jun 2021 10:30 UTC"}