{"Shift": 0.0, "Total": 41955231, "Accounts": 1150, "Max balance": 742821, "Richest": "0dc3388ddeb691506362c346509f4f68abd4d6f721b52c1199ff4eb8abcd887c", "Top 5% wealth": 23573316, "Top 5% ownership": 56.1868340089, "Top 5% accounts": 58, "Top 10% wealth": 32470766, "Top 10% ownership": 77.3938439285, "Top 10% accounts": 115, "Top 25% wealth": 37690298, "Top 25% ownership": 89.8345619882, "Top 25% accounts": 288, "Top 50% wealth": 38067106, "Top 50% ownership": 90.7326812239, "Top 50% accounts": 575, "Date": "30 Oct 2021 10:27 UTC"}