{"Shift": 997143.0, "Total": 36205455, "Accounts": 863, "Max balance": 1004199, "Richest": "5ad13fd8cc674da7a3ad35426e0fcfe3a3157a044ebda0f54b9b32ee873ea921", "Top 5% wealth": 17747355, "Top 5% ownership": 49.0184559205, "Top 5% accounts": 43, "Top 10% wealth": 26470256, "Top 10% ownership": 73.1112369669, "Top 10% accounts": 86, "Top 25% wealth": 31958999, "Top 25% ownership": 88.2712259796, "Top 25% accounts": 216, "Top 50% wealth": 32346480, "Top 50% ownership": 89.341454209, "Top 50% accounts": 432, "Date": "23 May 2021 10:33 UTC"}