{"Shift": -4.0, "Total": 43957096, "Accounts": 1223, "Max balance": 1627843, "Richest": "6e5ea8507e38be7250cde9b8ff1f7c8e39a1460de16b38e6f4d5562ae36b5c1a", "Top 5% wealth": 25919208, "Top 5% ownership": 58.9647869368, "Top 5% accounts": 61, "Top 10% wealth": 35620621, "Top 10% ownership": 81.0349732839, "Top 10% accounts": 122, "Top 25% wealth": 40701952, "Top 25% ownership": 92.5947246379, "Top 25% accounts": 306, "Top 50% wealth": 41033717, "Top 50% ownership": 93.3494719487, "Top 50% accounts": 612, "Date": "21 Nov 2021 10:27 UTC"}