{"Shift": -3500.0, "Total": 35210890, "Accounts": 816, "Max balance": 1234702, "Richest": "0fbd274ac9b151ce9e204fc607677e5ff65c2cec4c38b8da3d2797105af105fb", "Top 5% wealth": 17433424, "Top 5% ownership": 49.5114551208, "Top 5% accounts": 41, "Top 10% wealth": 26180274, "Top 10% ownership": 74.3527755192, "Top 10% accounts": 82, "Top 25% wealth": 31824165, "Top 25% ownership": 90.3815978523, "Top 25% accounts": 204, "Top 50% wealth": 32245909, "Top 50% ownership": 91.5793636571, "Top 50% accounts": 408, "Date": "08 May 2021 10:31 UTC"}