{"Shift": 868494.0, "Total": 27412274, "Accounts": 554, "Max balance": 600000, "Richest": "e49d214572d379e0e7137a9b47c950dcd813ef2aa72f250cf6de442e482683c7", "Top 5% wealth": 10352329, "Top 5% ownership": 37.7653054249, "Top 5% accounts": 28, "Top 10% wealth": 17927189, "Top 10% ownership": 65.3984014606, "Top 10% accounts": 55, "Top 25% wealth": 25958565, "Top 25% ownership": 94.6968682715, "Top 25% accounts": 139, "Top 50% wealth": 27308341, "Top 50% ownership": 99.6208523233, "Top 50% accounts": 277, "Date": "01 Mar 2021 10:56 UTC"}