{"Shift": 104.0, "Total": 34154149, "Accounts": 811, "Max balance": 1234702, "Richest": "0fbd274ac9b151ce9e204fc607677e5ff65c2cec4c38b8da3d2797105af105fb", "Top 5% wealth": 16562421, "Top 5% ownership": 48.4931450056, "Top 5% accounts": 41, "Top 10% wealth": 24782373, "Top 10% ownership": 72.5603586258, "Top 10% accounts": 81, "Top 25% wealth": 30543612, "Top 25% ownership": 89.4287016198, "Top 25% accounts": 203, "Top 50% wealth": 30997006, "Top 50% ownership": 90.7561948037, "Top 50% accounts": 406, "Date": "27 Apr 2021 10:16 UTC"}