{"Shift": 1587764.0, "Total": 14470283, "Accounts": 425, "Max balance": 333300, "Richest": "02252d0bff25e51bdde628c89b48b0e270f4fa51c2dce45bf317d8801b1fdbea", "Top 5% wealth": 5182882, "Top 5% ownership": 35.8174197422, "Top 5% accounts": 21, "Top 10% wealth": 9283653, "Top 10% ownership": 64.1566788984, "Top 10% accounts": 43, "Top 25% wealth": 14072209, "Top 25% ownership": 97.2490240861, "Top 25% accounts": 106, "Top 50% wealth": 14402148, "Top 50% ownership": 99.5291384419, "Top 50% accounts": 213, "Date": "11 Jan 2021 10:55 UTC"}