{"Shift": 0.0, "Total": 46366340, "Accounts": 1408, "Max balance": 810030, "Richest": "67077b2397f99fb6c63185af25cdf49d43736b22b7ea5dd68089a04cd4dbf8cf", "Top 5% wealth": 27291913, "Top 5% ownership": 58.8614779601, "Top 5% accounts": 70, "Top 10% wealth": 37300028, "Top 10% ownership": 80.446349658, "Top 10% accounts": 141, "Top 25% wealth": 43272640, "Top 25% ownership": 93.327702812, "Top 25% accounts": 352, "Top 50% wealth": 43555244, "Top 50% ownership": 93.9372053089, "Top 50% accounts": 704, "Date": "28 Feb 2022 10:29 UTC"}