{"Shift": 0.0, "Total": 35208310, "Accounts": 842, "Max balance": 1234702, "Richest": "0fbd274ac9b151ce9e204fc607677e5ff65c2cec4c38b8da3d2797105af105fb", "Top 5% wealth": 17628474, "Top 5% ownership": 50.0690717618, "Top 5% accounts": 42, "Top 10% wealth": 26218333, "Top 10% ownership": 74.4663205931, "Top 10% accounts": 84, "Top 25% wealth": 31831134, "Top 25% ownership": 90.4080144716, "Top 25% accounts": 211, "Top 50% wealth": 32260381, "Top 50% ownership": 91.6271783565, "Top 50% accounts": 421, "Date": "19 May 2021 10:32 UTC"}