{"Shift": 0.0, "Total": 43957824, "Accounts": 1249, "Max balance": 810029, "Richest": "67077b2397f99fb6c63185af25cdf49d43736b22b7ea5dd68089a04cd4dbf8cf", "Top 5% wealth": 25230927, "Top 5% ownership": 57.3980345342, "Top 5% accounts": 62, "Top 10% wealth": 34832552, "Top 10% ownership": 79.2408468627, "Top 10% accounts": 125, "Top 25% wealth": 40638569, "Top 25% ownership": 92.4490006603, "Top 25% accounts": 312, "Top 50% wealth": 40999144, "Top 50% ownership": 93.2692755674, "Top 50% accounts": 625, "Date": "19 Dec 2021 10:28 UTC"}