{"Shift": 4002.0, "Total": 32564411, "Accounts": 689, "Max balance": 950298, "Richest": "0fbd274ac9b151ce9e204fc607677e5ff65c2cec4c38b8da3d2797105af105fb", "Top 5% wealth": 13985689, "Top 5% ownership": 42.9477720325, "Top 5% accounts": 34, "Top 10% wealth": 23187167, "Top 10% ownership": 71.2040116433, "Top 10% accounts": 69, "Top 25% wealth": 30988744, "Top 25% ownership": 95.1613833888, "Top 25% accounts": 172, "Top 50% wealth": 32463314, "Top 50% ownership": 99.6895475862, "Top 50% accounts": 345, "Date": "20 Mar 2021 10:31 UTC"}