{"Shift": 0.0, "Total": 44882355, "Accounts": 1301, "Max balance": 810029, "Richest": "67077b2397f99fb6c63185af25cdf49d43736b22b7ea5dd68089a04cd4dbf8cf", "Top 5% wealth": 25267099, "Top 5% ownership": 56.2962861463, "Top 5% accounts": 65, "Top 10% wealth": 35339185, "Top 10% ownership": 78.7373679478, "Top 10% accounts": 130, "Top 25% wealth": 41747107, "Top 25% ownership": 93.0145198486, "Top 25% accounts": 325, "Top 50% wealth": 42137756, "Top 50% ownership": 93.8849042124, "Top 50% accounts": 651, "Date": "29 Jan 2022 10:25 UTC"}