{"Shift": 314384.0, "Total": 44672565, "Accounts": 1271, "Max balance": 810029, "Richest": "67077b2397f99fb6c63185af25cdf49d43736b22b7ea5dd68089a04cd4dbf8cf", "Top 5% wealth": 24960884, "Top 5% ownership": 55.8751976745, "Top 5% accounts": 64, "Top 10% wealth": 35033639, "Top 10% ownership": 78.4231641948, "Top 10% accounts": 127, "Top 25% wealth": 41513349, "Top 25% ownership": 92.9280622234, "Top 25% accounts": 318, "Top 50% wealth": 41949544, "Top 50% ownership": 93.9044892542, "Top 50% accounts": 636, "Date": "15 Jan 2022 10:28 UTC"}