{"Shift": 10.0, "Total": 17987141, "Accounts": 460, "Max balance": 411700, "Richest": "02252d0bff25e51bdde628c89b48b0e270f4fa51c2dce45bf317d8801b1fdbea", "Top 5% wealth": 6567376, "Top 5% ownership": 36.5115056362, "Top 5% accounts": 23, "Top 10% wealth": 11580542, "Top 10% ownership": 64.3823384717, "Top 10% accounts": 46, "Top 25% wealth": 17405873, "Top 25% ownership": 96.7684247319, "Top 25% accounts": 115, "Top 50% wealth": 17907729, "Top 50% ownership": 99.5585068244, "Top 50% accounts": 230, "Date": "29 Jan 2021 10:36 UTC"}