{"Shift": 0.0, "Total": 34154045, "Accounts": 809, "Max balance": 1234702, "Richest": "0fbd274ac9b151ce9e204fc607677e5ff65c2cec4c38b8da3d2797105af105fb", "Top 5% wealth": 16257056, "Top 5% ownership": 47.5992111623, "Top 5% accounts": 40, "Top 10% wealth": 24782478, "Top 10% ownership": 72.5608870047, "Top 10% accounts": 81, "Top 25% wealth": 30530318, "Top 25% ownership": 89.3900502854, "Top 25% accounts": 202, "Top 50% wealth": 30997002, "Top 50% ownership": 90.7564594472, "Top 50% accounts": 405, "Date": "26 Apr 2021 10:16 UTC"}