{"Shift": 52.0, "Total": 43957824, "Accounts": 1252, "Max balance": 1325333, "Richest": "6e5ea8507e38be7250cde9b8ff1f7c8e39a1460de16b38e6f4d5562ae36b5c1a", "Top 5% wealth": 26127356, "Top 5% ownership": 59.437327926, "Top 5% accounts": 63, "Top 10% wealth": 35780975, "Top 10% ownership": 81.3984218145, "Top 10% accounts": 125, "Top 25% wealth": 41054487, "Top 25% ownership": 93.395175794, "Top 25% accounts": 313, "Top 50% wealth": 41376498, "Top 50% ownership": 94.1277211538, "Top 50% accounts": 626, "Date": "06 Dec 2021 10:28 UTC"}