{"Shift": 20606.0, "Total": 16240890, "Accounts": 447, "Max balance": 390953, "Richest": "a2d73cf3b37a62276ade44a96860495510d0e7d7c468950d4e49ac8a62b3d31d", "Top 5% wealth": 5898026, "Top 5% ownership": 36.3159038698, "Top 5% accounts": 22, "Top 10% wealth": 10524288, "Top 10% ownership": 64.801177768, "Top 10% accounts": 45, "Top 25% wealth": 15721239, "Top 25% ownership": 96.8003539215, "Top 25% accounts": 112, "Top 50% wealth": 16164193, "Top 50% ownership": 99.527753713, "Top 50% accounts": 224, "Date": "21 Jan 2021 11:08 UTC"}