{"Shift": 0.0, "Total": 41955233, "Accounts": 1149, "Max balance": 742821, "Richest": "0dc3388ddeb691506362c346509f4f68abd4d6f721b52c1199ff4eb8abcd887c", "Top 5% wealth": 23346925, "Top 5% ownership": 55.6472299892, "Top 5% accounts": 57, "Top 10% wealth": 32524778, "Top 10% ownership": 77.5225774577, "Top 10% accounts": 115, "Top 25% wealth": 37696788, "Top 25% ownership": 89.8500265748, "Top 25% accounts": 287, "Top 50% wealth": 38063549, "Top 50% ownership": 90.7241988145, "Top 50% accounts": 575, "Date": "26 Oct 2021 10:27 UTC"}