{"Shift": 25002.0, "Total": 45515046, "Accounts": 1381, "Max balance": 810030, "Richest": "67077b2397f99fb6c63185af25cdf49d43736b22b7ea5dd68089a04cd4dbf8cf", "Top 5% wealth": 26486730, "Top 5% ownership": 58.1933499529, "Top 5% accounts": 69, "Top 10% wealth": 36321209, "Top 10% ownership": 79.8004444508, "Top 10% accounts": 138, "Top 25% wealth": 42378415, "Top 25% ownership": 93.1085843569, "Top 25% accounts": 345, "Top 50% wealth": 42691135, "Top 50% ownership": 93.7956538592, "Top 50% accounts": 691, "Date": "21 Feb 2022 10:27 UTC"}