{"Shift": 0.0, "Total": 41955181, "Accounts": 1145, "Max balance": 820921, "Richest": "6e5ea8507e38be7250cde9b8ff1f7c8e39a1460de16b38e6f4d5562ae36b5c1a", "Top 5% wealth": 23523276, "Top 5% ownership": 56.0676308368, "Top 5% accounts": 57, "Top 10% wealth": 32617977, "Top 10% ownership": 77.7448129708, "Top 10% accounts": 115, "Top 25% wealth": 37677172, "Top 25% ownership": 89.8033832818, "Top 25% accounts": 286, "Top 50% wealth": 38038556, "Top 50% ownership": 90.6647405478, "Top 50% accounts": 573, "Date": "22 Oct 2021 10:28 UTC"}