{"Shift": 138028.0, "Total": 37280197, "Accounts": 968, "Max balance": 800000, "Richest": "e249c7ae7e2ece6a1c2f8b50989cdc94b3bb60174add3445f2166e80d2fcd797", "Top 5% wealth": 19211214, "Top 5% ownership": 51.5319540828, "Top 5% accounts": 48, "Top 10% wealth": 27942431, "Top 10% ownership": 74.9524767801, "Top 10% accounts": 97, "Top 25% wealth": 33857411, "Top 25% ownership": 90.8187555983, "Top 25% accounts": 242, "Top 50% wealth": 34397788, "Top 50% ownership": 92.2682570588, "Top 50% accounts": 484, "Date": "04 Jul 2021 10:26 UTC"}