{"Shift": 0.0, "Total": 45515046, "Accounts": 1383, "Max balance": 810030, "Richest": "67077b2397f99fb6c63185af25cdf49d43736b22b7ea5dd68089a04cd4dbf8cf", "Top 5% wealth": 26485031, "Top 5% ownership": 58.1896171213, "Top 5% accounts": 69, "Top 10% wealth": 36322774, "Top 10% ownership": 79.8038828742, "Top 10% accounts": 138, "Top 25% wealth": 42381474, "Top 25% ownership": 93.1153052114, "Top 25% accounts": 346, "Top 50% wealth": 42687297, "Top 50% ownership": 93.7872214828, "Top 50% accounts": 692, "Date": "22 Feb 2022 10:27 UTC"}