{"Shift": 0.0, "Total": 46588638, "Accounts": 1424, "Max balance": 810030, "Richest": "67077b2397f99fb6c63185af25cdf49d43736b22b7ea5dd68089a04cd4dbf8cf", "Top 5% wealth": 27626800, "Top 5% ownership": 59.2994369142, "Top 5% accounts": 71, "Top 10% wealth": 37570909, "Top 10% ownership": 80.6439308228, "Top 10% accounts": 142, "Top 25% wealth": 43661809, "Top 25% ownership": 93.7177193289, "Top 25% accounts": 356, "Top 50% wealth": 43942606, "Top 50% ownership": 94.3204349524, "Top 50% accounts": 712, "Date": "13 Apr 2022 10:29 UTC"}