{"Shift": 0.0, "Total": 45469726, "Accounts": 1374, "Max balance": 810030, "Richest": "67077b2397f99fb6c63185af25cdf49d43736b22b7ea5dd68089a04cd4dbf8cf", "Top 5% wealth": 26351568, "Top 5% ownership": 57.9540945551, "Top 5% accounts": 69, "Top 10% wealth": 36194734, "Top 10% ownership": 79.6018300176, "Top 10% accounts": 137, "Top 25% wealth": 42323561, "Top 25% ownership": 93.0807478365, "Top 25% accounts": 344, "Top 50% wealth": 42643174, "Top 50% ownership": 93.7836616829, "Top 50% accounts": 687, "Date": "15 Feb 2022 10:26 UTC"}