{"Shift": 2204.0, "Total": 36170743, "Accounts": 897, "Max balance": 1000000, "Richest": "0fbd274ac9b151ce9e204fc607677e5ff65c2cec4c38b8da3d2797105af105fb", "Top 5% wealth": 18124849, "Top 5% ownership": 50.1091420765, "Top 5% accounts": 45, "Top 10% wealth": 27170174, "Top 10% ownership": 75.1164387195, "Top 10% accounts": 90, "Top 25% wealth": 32799772, "Top 25% ownership": 90.680393267, "Top 25% accounts": 224, "Top 50% wealth": 33186214, "Top 50% ownership": 91.7487760757, "Top 50% accounts": 449, "Date": "06 Jun 2021 11:03 UTC"}