{"Shift": 23514.0, "Total": 37648092, "Accounts": 1002, "Max balance": 800000, "Richest": "e249c7ae7e2ece6a1c2f8b50989cdc94b3bb60174add3445f2166e80d2fcd797", "Top 5% wealth": 19976863, "Top 5% ownership": 53.0620861211, "Top 5% accounts": 50, "Top 10% wealth": 28480330, "Top 10% ownership": 75.6488004757, "Top 10% accounts": 100, "Top 25% wealth": 34287760, "Top 25% ownership": 91.0743630779, "Top 25% accounts": 251, "Top 50% wealth": 34758390, "Top 50% ownership": 92.3244397087, "Top 50% accounts": 501, "Date": "18 Jul 2021 10:26 UTC"}