{"Shift": 0.0, "Total": 30211711, "Accounts": 611, "Max balance": 600000, "Richest": "e49d214572d379e0e7137a9b47c950dcd813ef2aa72f250cf6de442e482683c7", "Top 5% wealth": 11818952, "Top 5% ownership": 39.1204324707, "Top 5% accounts": 31, "Top 10% wealth": 20055544, "Top 10% ownership": 66.3833438629, "Top 10% accounts": 61, "Top 25% wealth": 28303632, "Top 25% ownership": 93.6843067246, "Top 25% accounts": 153, "Top 50% wealth": 30091545, "Top 50% ownership": 99.6022535764, "Top 50% accounts": 306, "Date": "11 Mar 2021 10:31 UTC"}