{"Shift": 0.0, "Total": 36196287, "Accounts": 880, "Max balance": 1000000, "Richest": "0fbd274ac9b151ce9e204fc607677e5ff65c2cec4c38b8da3d2797105af105fb", "Top 5% wealth": 18365115, "Top 5% ownership": 50.7375659829, "Top 5% accounts": 44, "Top 10% wealth": 27372344, "Top 10% ownership": 75.6219664188, "Top 10% accounts": 88, "Top 25% wealth": 32997366, "Top 25% ownership": 91.1622951824, "Top 25% accounts": 220, "Top 50% wealth": 33365882, "Top 50% ownership": 92.1803996084, "Top 50% accounts": 440, "Date": "29 May 2021 11:02 UTC"}