{"Shift": 502.0, "Total": 37426279, "Accounts": 990, "Max balance": 800000, "Richest": "e249c7ae7e2ece6a1c2f8b50989cdc94b3bb60174add3445f2166e80d2fcd797", "Top 5% wealth": 19857919, "Top 5% ownership": 53.0587585263, "Top 5% accounts": 50, "Top 10% wealth": 28209390, "Top 10% ownership": 75.3732157023, "Top 10% accounts": 99, "Top 25% wealth": 34035267, "Top 25% ownership": 90.9394893358, "Top 25% accounts": 248, "Top 50% wealth": 34546685, "Top 50% ownership": 92.3059569988, "Top 50% accounts": 495, "Date": "11 Jul 2021 10:26 UTC"}