{"Shift": 0.0, "Total": 45958190, "Accounts": 1267, "Max balance": 1944417, "Richest": "6e5ea8507e38be7250cde9b8ff1f7c8e39a1460de16b38e6f4d5562ae36b5c1a", "Top 5% wealth": 26686594, "Top 5% ownership": 58.0671127388, "Top 5% accounts": 63, "Top 10% wealth": 36412123, "Top 10% ownership": 79.2288012213, "Top 10% accounts": 127, "Top 25% wealth": 42544265, "Top 25% ownership": 92.571672209, "Top 25% accounts": 317, "Top 50% wealth": 42949978, "Top 50% ownership": 93.4544593684, "Top 50% accounts": 634, "Date": "30 Dec 2021 10:29 UTC"}