{"Shift": 0.0, "Total": 46366340, "Accounts": 1396, "Max balance": 810030, "Richest": "67077b2397f99fb6c63185af25cdf49d43736b22b7ea5dd68089a04cd4dbf8cf", "Top 5% wealth": 27291913, "Top 5% ownership": 58.8614779601, "Top 5% accounts": 70, "Top 10% wealth": 37222274, "Top 10% ownership": 80.278654731, "Top 10% accounts": 140, "Top 25% wealth": 43261074, "Top 25% ownership": 93.3027579921, "Top 25% accounts": 349, "Top 50% wealth": 43563122, "Top 50% ownership": 93.9541960828, "Top 50% accounts": 698, "Date": "27 Feb 2022 10:26 UTC"}