{"Shift": 40924.0, "Total": 37702038, "Accounts": 1005, "Max balance": 800000, "Richest": "e249c7ae7e2ece6a1c2f8b50989cdc94b3bb60174add3445f2166e80d2fcd797", "Top 5% wealth": 20012195, "Top 5% ownership": 53.0798759473, "Top 5% accounts": 50, "Top 10% wealth": 28589934, "Top 10% ownership": 75.8312693866, "Top 10% accounts": 101, "Top 25% wealth": 34327853, "Top 25% ownership": 91.050390963, "Top 25% accounts": 251, "Top 50% wealth": 34811699, "Top 50% ownership": 92.3337327282, "Top 50% accounts": 503, "Date": "21 Jul 2021 10:27 UTC"}