{"Shift": 364.0, "Total": 36205819, "Accounts": 871, "Max balance": 1004199, "Richest": "5ad13fd8cc674da7a3ad35426e0fcfe3a3157a044ebda0f54b9b32ee873ea921", "Top 5% wealth": 18046356, "Top 5% ownership": 49.8437999704, "Top 5% accounts": 44, "Top 10% wealth": 26588583, "Top 10% ownership": 73.4373195646, "Top 10% accounts": 87, "Top 25% wealth": 31978143, "Top 25% ownership": 88.3232140115, "Top 25% accounts": 218, "Top 50% wealth": 32345494, "Top 50% ownership": 89.3378326837, "Top 50% accounts": 436, "Date": "24 May 2021 10:38 UTC"}