{"Shift": 0.0, "Total": 46588638, "Accounts": 1424, "Max balance": 810030, "Richest": "67077b2397f99fb6c63185af25cdf49d43736b22b7ea5dd68089a04cd4dbf8cf", "Top 5% wealth": 27522471, "Top 5% ownership": 59.0755003398, "Top 5% accounts": 71, "Top 10% wealth": 37557057, "Top 10% ownership": 80.6141982515, "Top 10% accounts": 142, "Top 25% wealth": 43558475, "Top 25% ownership": 93.4959184684, "Top 25% accounts": 356, "Top 50% wealth": 43828324, "Top 50% ownership": 94.0751348, "Top 50% accounts": 712, "Date": "24 Mar 2022 10:28 UTC"}