{"Shift": 6508.0, "Total": 12882517, "Accounts": 418, "Max balance": 311940, "Richest": "a2d73cf3b37a62276ade44a96860495510d0e7d7c468950d4e49ac8a62b3d31d", "Top 5% wealth": 4771272, "Top 5% ownership": 37.0367995633, "Top 5% accounts": 21, "Top 10% wealth": 8296757, "Top 10% ownership": 64.4032295863, "Top 10% accounts": 42, "Top 25% wealth": 12510340, "Top 25% ownership": 97.1109915865, "Top 25% accounts": 105, "Top 50% wealth": 12815779, "Top 50% ownership": 99.4819490632, "Top 50% accounts": 209, "Date": "07 Jan 2021 10:48 UTC"}