{"Shift": 416.0, "Total": 45146895, "Accounts": 1316, "Max balance": 810029, "Richest": "67077b2397f99fb6c63185af25cdf49d43736b22b7ea5dd68089a04cd4dbf8cf", "Top 5% wealth": 25680940, "Top 5% ownership": 56.8830702532, "Top 5% accounts": 66, "Top 10% wealth": 35647153, "Top 10% ownership": 78.9581498351, "Top 10% accounts": 132, "Top 25% wealth": 41990458, "Top 25% ownership": 93.008518083, "Top 25% accounts": 329, "Top 50% wealth": 42361787, "Top 50% ownership": 93.8310087549, "Top 50% accounts": 658, "Date": "07 Feb 2022 10:26 UTC"}