{"Shift": 0.0, "Total": 37165669, "Accounts": 952, "Max balance": 800000, "Richest": "e249c7ae7e2ece6a1c2f8b50989cdc94b3bb60174add3445f2166e80d2fcd797", "Top 5% wealth": 19373313, "Top 5% ownership": 52.1269050747, "Top 5% accounts": 48, "Top 10% wealth": 28168889, "Top 10% ownership": 75.7927672444, "Top 10% accounts": 95, "Top 25% wealth": 33862246, "Top 25% ownership": 91.1116277767, "Top 25% accounts": 238, "Top 50% wealth": 34341818, "Top 50% ownership": 92.4019906651, "Top 50% accounts": 476, "Date": "24 Jun 2021 10:27 UTC"}