{"Shift": 69308.0, "Total": 44742861, "Accounts": 1283, "Max balance": 810029, "Richest": "67077b2397f99fb6c63185af25cdf49d43736b22b7ea5dd68089a04cd4dbf8cf", "Top 5% wealth": 24979877, "Top 5% ownership": 55.8298607682, "Top 5% accounts": 64, "Top 10% wealth": 35151021, "Top 10% ownership": 78.5623006987, "Top 10% accounts": 128, "Top 25% wealth": 41575980, "Top 25% ownership": 92.9220417979, "Top 25% accounts": 321, "Top 50% wealth": 42001169, "Top 50% ownership": 93.8723364159, "Top 50% accounts": 642, "Date": "17 Jan 2022 10:30 UTC"}