{"Shift": -6000.0, "Total": 37167565, "Accounts": 945, "Max balance": 800000, "Richest": "e249c7ae7e2ece6a1c2f8b50989cdc94b3bb60174add3445f2166e80d2fcd797", "Top 5% wealth": 19269227, "Top 5% ownership": 51.8442007164, "Top 5% accounts": 47, "Top 10% wealth": 28287469, "Top 10% ownership": 76.1079425031, "Top 10% accounts": 95, "Top 25% wealth": 33866357, "Top 25% ownership": 91.1180406895, "Top 25% accounts": 236, "Top 50% wealth": 34337163, "Top 50% ownership": 92.3847526735, "Top 50% accounts": 473, "Date": "19 Jun 2021 10:29 UTC"}