{"Shift": 0.0, "Total": 39954607, "Accounts": 1112, "Max balance": 742820, "Richest": "0dc3388ddeb691506362c346509f4f68abd4d6f721b52c1199ff4eb8abcd887c", "Top 5% wealth": 22106666, "Top 5% ownership": 55.3294542479, "Top 5% accounts": 56, "Top 10% wealth": 30659412, "Top 10% ownership": 76.7356114903, "Top 10% accounts": 111, "Top 25% wealth": 35738889, "Top 25% ownership": 89.4487311563, "Top 25% accounts": 278, "Top 50% wealth": 36069340, "Top 50% ownership": 90.2757972316, "Top 50% accounts": 556, "Date": "04 Oct 2021 10:27 UTC"}