{"Shift": 0.0, "Total": 37167565, "Accounts": 947, "Max balance": 800000, "Richest": "e249c7ae7e2ece6a1c2f8b50989cdc94b3bb60174add3445f2166e80d2fcd797", "Top 5% wealth": 19269227, "Top 5% ownership": 51.8442007164, "Top 5% accounts": 47, "Top 10% wealth": 28287690, "Top 10% ownership": 76.1085371076, "Top 10% accounts": 95, "Top 25% wealth": 33866346, "Top 25% ownership": 91.1180110938, "Top 25% accounts": 237, "Top 50% wealth": 34337202, "Top 50% ownership": 92.3848576037, "Top 50% accounts": 474, "Date": "20 Jun 2021 10:29 UTC"}