{"Shift": 77256.0, "Total": 34154045, "Accounts": 808, "Max balance": 1234702, "Richest": "0fbd274ac9b151ce9e204fc607677e5ff65c2cec4c38b8da3d2797105af105fb", "Top 5% wealth": 16248656, "Top 5% ownership": 47.5746167108, "Top 5% accounts": 40, "Top 10% wealth": 24766878, "Top 10% ownership": 72.515211595, "Top 10% accounts": 81, "Top 25% wealth": 30449787, "Top 25% ownership": 89.1542626942, "Top 25% accounts": 202, "Top 50% wealth": 30899002, "Top 50% ownership": 90.4695241808, "Top 50% accounts": 404, "Date": "25 Apr 2021 10:16 UTC"}