{"Shift": 0.0, "Total": 43956165, "Accounts": 1185, "Max balance": 1963092, "Richest": "6e5ea8507e38be7250cde9b8ff1f7c8e39a1460de16b38e6f4d5562ae36b5c1a", "Top 5% wealth": 25657811, "Top 5% ownership": 58.3713592849, "Top 5% accounts": 59, "Top 10% wealth": 35489286, "Top 10% ownership": 80.737903318, "Top 10% accounts": 119, "Top 25% wealth": 40803154, "Top 25% ownership": 92.8269197279, "Top 25% accounts": 296, "Top 50% wealth": 41177827, "Top 50% ownership": 93.6792984556, "Top 50% accounts": 593, "Date": "13 Nov 2021 10:27 UTC"}