{"Shift": 100002.0, "Total": 39092470, "Accounts": 1032, "Max balance": 800000, "Richest": "e249c7ae7e2ece6a1c2f8b50989cdc94b3bb60174add3445f2166e80d2fcd797", "Top 5% wealth": 21223298, "Top 5% ownership": 54.2899898625, "Top 5% accounts": 52, "Top 10% wealth": 29851883, "Top 10% ownership": 76.3622329313, "Top 10% accounts": 103, "Top 25% wealth": 35312907, "Top 25% ownership": 90.3317365211, "Top 25% accounts": 258, "Top 50% wealth": 35755482, "Top 50% ownership": 91.4638599198, "Top 50% accounts": 516, "Date": "08 Sep 2021 10:27 UTC"}