{"Shift": -107.0, "Total": 16242039, "Accounts": 451, "Max balance": 390953, "Richest": "a2d73cf3b37a62276ade44a96860495510d0e7d7c468950d4e49ac8a62b3d31d", "Top 5% wealth": 6091005, "Top 5% ownership": 37.5014799558, "Top 5% accounts": 23, "Top 10% wealth": 10462773, "Top 10% ownership": 64.4178541869, "Top 10% accounts": 45, "Top 25% wealth": 15699414, "Top 25% ownership": 96.6591325141, "Top 25% accounts": 113, "Top 50% wealth": 16164219, "Top 50% ownership": 99.5208729643, "Top 50% accounts": 226, "Date": "23 Jan 2021 11:03 UTC"}