{"Shift": 9252.0, "Total": 32573665, "Accounts": 703, "Max balance": 1090298, "Richest": "0fbd274ac9b151ce9e204fc607677e5ff65c2cec4c38b8da3d2797105af105fb", "Top 5% wealth": 14365205, "Top 5% ownership": 44.1006715087, "Top 5% accounts": 35, "Top 10% wealth": 22850225, "Top 10% ownership": 70.1493829448, "Top 10% accounts": 70, "Top 25% wealth": 28930179, "Top 25% ownership": 88.8146267852, "Top 25% accounts": 176, "Top 50% wealth": 29172356, "Top 50% ownership": 89.5581016137, "Top 50% accounts": 352, "Date": "22 Mar 2021 10:31 UTC"}