{"Shift": 0.0, "Total": 38992468, "Accounts": 1027, "Max balance": 800000, "Richest": "e249c7ae7e2ece6a1c2f8b50989cdc94b3bb60174add3445f2166e80d2fcd797", "Top 5% wealth": 20872058, "Top 5% ownership": 53.5284352865, "Top 5% accounts": 51, "Top 10% wealth": 29763663, "Top 10% ownership": 76.331826444, "Top 10% accounts": 103, "Top 25% wealth": 35208889, "Top 25% ownership": 90.2966413924, "Top 25% accounts": 257, "Top 50% wealth": 35643089, "Top 50% ownership": 91.4101897833, "Top 50% accounts": 514, "Date": "06 Sep 2021 10:28 UTC"}