{"Shift": 55004.0, "Total": 38708072, "Accounts": 1023, "Max balance": 827634, "Richest": "a2d73cf3b37a62276ade44a96860495510d0e7d7c468950d4e49ac8a62b3d31d", "Top 5% wealth": 21028632, "Top 5% ownership": 54.3262190894, "Top 5% accounts": 51, "Top 10% wealth": 29705738, "Top 10% ownership": 76.7430059549, "Top 10% accounts": 102, "Top 25% wealth": 35304334, "Top 25% ownership": 91.2066454769, "Top 25% accounts": 256, "Top 50% wealth": 35768144, "Top 50% ownership": 92.4048710047, "Top 50% accounts": 512, "Date": "23 Aug 2021 10:27 UTC"}