{"Shift": 2.0, "Total": 26543780, "Accounts": 551, "Max balance": 600000, "Richest": "e49d214572d379e0e7137a9b47c950dcd813ef2aa72f250cf6de442e482683c7", "Top 5% wealth": 10363570, "Top 5% ownership": 39.0433088279, "Top 5% accounts": 28, "Top 10% wealth": 17730239, "Top 10% ownership": 66.7962098842, "Top 10% accounts": 55, "Top 25% wealth": 25304397, "Top 25% ownership": 95.3307968948, "Top 25% accounts": 138, "Top 50% wealth": 26441269, "Top 50% ownership": 99.6138040626, "Top 50% accounts": 276, "Date": "28 Feb 2021 10:30 UTC"}