{"Shift": 106370.0, "Total": 38252202, "Accounts": 1014, "Max balance": 800000, "Richest": "e249c7ae7e2ece6a1c2f8b50989cdc94b3bb60174add3445f2166e80d2fcd797", "Top 5% wealth": 20847755, "Top 5% ownership": 54.5007971044, "Top 5% accounts": 51, "Top 10% wealth": 29294756, "Top 10% ownership": 76.5831885966, "Top 10% accounts": 101, "Top 25% wealth": 34830395, "Top 25% ownership": 91.05461432, "Top 25% accounts": 254, "Top 50% wealth": 35261340, "Top 50% ownership": 92.1812030586, "Top 50% accounts": 507, "Date": "08 Aug 2021 10:26 UTC"}