{"Shift": 0.0, "Total": 33878113, "Accounts": 795, "Max balance": 1234702, "Richest": "0fbd274ac9b151ce9e204fc607677e5ff65c2cec4c38b8da3d2797105af105fb", "Top 5% wealth": 16220707, "Top 5% ownership": 47.8796059273, "Top 5% accounts": 40, "Top 10% wealth": 24595879, "Top 10% ownership": 72.6010890866, "Top 10% accounts": 80, "Top 25% wealth": 30339589, "Top 25% ownership": 89.5551325424, "Top 25% accounts": 199, "Top 50% wealth": 30725263, "Top 50% ownership": 90.6935489589, "Top 50% accounts": 398, "Date": "18 Apr 2021 10:16 UTC"}