{"Shift": 0.0, "Total": 45958190, "Accounts": 1272, "Max balance": 1944417, "Richest": "6e5ea8507e38be7250cde9b8ff1f7c8e39a1460de16b38e6f4d5562ae36b5c1a", "Top 5% wealth": 26924878, "Top 5% ownership": 58.5855926876, "Top 5% accounts": 64, "Top 10% wealth": 36509322, "Top 10% ownership": 79.4402956252, "Top 10% accounts": 127, "Top 25% wealth": 42694336, "Top 25% ownership": 92.8982103081, "Top 25% accounts": 318, "Top 50% wealth": 43093724, "Top 50% ownership": 93.7672349586, "Top 50% accounts": 636, "Date": "06 Jan 2022 10:29 UTC"}