{"Shift": 431246.0, "Total": 17908712, "Accounts": 455, "Max balance": 411700, "Richest": "02252d0bff25e51bdde628c89b48b0e270f4fa51c2dce45bf317d8801b1fdbea", "Top 5% wealth": 6561374, "Top 5% ownership": 36.6378888666, "Top 5% accounts": 23, "Top 10% wealth": 11583646, "Top 10% ownership": 64.6816253453, "Top 10% accounts": 46, "Top 25% wealth": 17314936, "Top 25% ownership": 96.6844293437, "Top 25% accounts": 114, "Top 50% wealth": 17829357, "Top 50% ownership": 99.5568916402, "Top 50% accounts": 228, "Date": "26 Jan 2021 10:35 UTC"}