{"Shift": 18304.0, "Total": 32560409, "Accounts": 666, "Max balance": 720298, "Richest": "0fbd274ac9b151ce9e204fc607677e5ff65c2cec4c38b8da3d2797105af105fb", "Top 5% wealth": 13433695, "Top 5% ownership": 41.2577587708, "Top 5% accounts": 33, "Top 10% wealth": 22681446, "Top 10% ownership": 69.6595856643, "Top 10% accounts": 67, "Top 25% wealth": 30836082, "Top 25% ownership": 94.7042219279, "Top 25% accounts": 167, "Top 50% wealth": 32451032, "Top 50% ownership": 99.6640797725, "Top 50% accounts": 333, "Date": "19 Mar 2021 10:31 UTC"}