{"Shift": 0.0, "Total": 37142169, "Accounts": 965, "Max balance": 800000, "Richest": "e249c7ae7e2ece6a1c2f8b50989cdc94b3bb60174add3445f2166e80d2fcd797", "Top 5% wealth": 19261485, "Top 5% ownership": 51.8588050149, "Top 5% accounts": 48, "Top 10% wealth": 28020927, "Top 10% ownership": 75.4423550224, "Top 10% accounts": 97, "Top 25% wealth": 33928621, "Top 25% ownership": 91.3479797047, "Top 25% accounts": 241, "Top 50% wealth": 34459760, "Top 50% ownership": 92.7779958139, "Top 50% accounts": 483, "Date": "03 Jul 2021 10:26 UTC"}