{"Shift": 2.0, "Total": 32564413, "Accounts": 701, "Max balance": 1090298, "Richest": "0fbd274ac9b151ce9e204fc607677e5ff65c2cec4c38b8da3d2797105af105fb", "Top 5% wealth": 14420551, "Top 5% ownership": 44.2831596565, "Top 5% accounts": 35, "Top 10% wealth": 23385044, "Top 10% ownership": 71.8116552569, "Top 10% accounts": 70, "Top 25% wealth": 31069266, "Top 25% ownership": 95.4086474705, "Top 25% accounts": 175, "Top 50% wealth": 32467442, "Top 50% ownership": 99.7022178781, "Top 50% accounts": 351, "Date": "21 Mar 2021 10:35 UTC"}