{"Shift": 416.0, "Total": 37178357, "Accounts": 934, "Max balance": 1000000, "Richest": "0fbd274ac9b151ce9e204fc607677e5ff65c2cec4c38b8da3d2797105af105fb", "Top 5% wealth": 19606859, "Top 5% ownership": 52.7372928287, "Top 5% accounts": 47, "Top 10% wealth": 28382907, "Top 10% ownership": 76.3425532764, "Top 10% accounts": 93, "Top 25% wealth": 33981111, "Top 25% ownership": 91.400249344, "Top 25% accounts": 234, "Top 50% wealth": 34378184, "Top 50% ownership": 92.4682712579, "Top 50% accounts": 467, "Date": "15 Jun 2021 10:30 UTC"}