{"Shift": -1600009.0, "Total": 44358181, "Accounts": 1269, "Max balance": 810029, "Richest": "67077b2397f99fb6c63185af25cdf49d43736b22b7ea5dd68089a04cd4dbf8cf", "Top 5% wealth": 24795775, "Top 5% ownership": 55.8989896362, "Top 5% accounts": 63, "Top 10% wealth": 34829267, "Top 10% ownership": 78.5182489787, "Top 10% accounts": 127, "Top 25% wealth": 41187758, "Top 25% ownership": 92.8526758119, "Top 25% accounts": 317, "Top 50% wealth": 41603693, "Top 50% ownership": 93.7903495186, "Top 50% accounts": 635, "Date": "11 Jan 2022 10:30 UTC"}