{"Shift": 78408.0, "Total": 17987131, "Accounts": 457, "Max balance": 411700, "Richest": "02252d0bff25e51bdde628c89b48b0e270f4fa51c2dce45bf317d8801b1fdbea", "Top 5% wealth": 6563376, "Top 5% ownership": 36.4892878136, "Top 5% accounts": 23, "Top 10% wealth": 11585648, "Top 10% ownership": 64.410761227, "Top 10% accounts": 46, "Top 25% wealth": 17389978, "Top 25% ownership": 96.6801097963, "Top 25% accounts": 114, "Top 50% wealth": 17907757, "Top 50% ownership": 99.5587178411, "Top 50% accounts": 229, "Date": "28 Jan 2021 10:37 UTC"}