{"Shift": -4.0, "Total": 43956165, "Accounts": 1184, "Max balance": 1963092, "Richest": "6e5ea8507e38be7250cde9b8ff1f7c8e39a1460de16b38e6f4d5562ae36b5c1a", "Top 5% wealth": 25658355, "Top 5% ownership": 58.3725968815, "Top 5% accounts": 59, "Top 10% wealth": 35403863, "Top 10% ownership": 80.5435665282, "Top 10% accounts": 118, "Top 25% wealth": 40800891, "Top 25% ownership": 92.821771417, "Top 25% accounts": 296, "Top 50% wealth": 41178239, "Top 50% ownership": 93.6802357531, "Top 50% accounts": 592, "Date": "12 Nov 2021 10:28 UTC"}