{"Shift": -9.0, "Total": 16242030, "Accounts": 451, "Max balance": 390989, "Richest": "a2d73cf3b37a62276ade44a96860495510d0e7d7c468950d4e49ac8a62b3d31d", "Top 5% wealth": 6044970, "Top 5% ownership": 37.2180694162, "Top 5% accounts": 23, "Top 10% wealth": 10438338, "Top 10% ownership": 64.2674468647, "Top 10% accounts": 45, "Top 25% wealth": 15699373, "Top 25% ownership": 96.6589336431, "Top 25% accounts": 113, "Top 50% wealth": 16164195, "Top 50% ownership": 99.5207803458, "Top 50% accounts": 226, "Date": "24 Jan 2021 11:03 UTC"}