{"Shift": 104.0, "Total": 32506611, "Accounts": 719, "Max balance": 1134698, "Richest": "0fbd274ac9b151ce9e204fc607677e5ff65c2cec4c38b8da3d2797105af105fb", "Top 5% wealth": 14640517, "Top 5% ownership": 45.0385830747, "Top 5% accounts": 36, "Top 10% wealth": 23197363, "Top 10% ownership": 71.3619854128, "Top 10% accounts": 72, "Top 25% wealth": 29072937, "Top 25% ownership": 89.4369979079, "Top 25% accounts": 180, "Top 50% wealth": 29355953, "Top 50% ownership": 90.3076392676, "Top 50% accounts": 360, "Date": "02 Apr 2021 10:16 UTC"}