{"Shift": 0.0, "Total": 46588638, "Accounts": 1422, "Max balance": 810030, "Richest": "67077b2397f99fb6c63185af25cdf49d43736b22b7ea5dd68089a04cd4dbf8cf", "Top 5% wealth": 27575848, "Top 5% ownership": 59.1900711929, "Top 5% accounts": 71, "Top 10% wealth": 37648578, "Top 10% ownership": 80.8106431444, "Top 10% accounts": 142, "Top 25% wealth": 43521527, "Top 25% ownership": 93.4166115781, "Top 25% accounts": 356, "Top 50% wealth": 43778197, "Top 50% ownership": 93.9675398967, "Top 50% accounts": 711, "Date": "12 Mar 2022 10:27 UTC"}