{"Shift": 0.0, "Total": 45958190, "Accounts": 1274, "Max balance": 1600261, "Richest": "6e5ea8507e38be7250cde9b8ff1f7c8e39a1460de16b38e6f4d5562ae36b5c1a", "Top 5% wealth": 26396036, "Top 5% ownership": 57.4348902774, "Top 5% accounts": 64, "Top 10% wealth": 36187410, "Top 10% ownership": 78.7398502857, "Top 10% accounts": 127, "Top 25% wealth": 42687886, "Top 25% ownership": 92.8841758128, "Top 25% accounts": 319, "Top 50% wealth": 43104796, "Top 50% ownership": 93.7913264208, "Top 50% accounts": 637, "Date": "10 Jan 2022 10:30 UTC"}