{"Shift": 0.0, "Total": 43956737, "Accounts": 1199, "Max balance": 1963092, "Richest": "6e5ea8507e38be7250cde9b8ff1f7c8e39a1460de16b38e6f4d5562ae36b5c1a", "Top 5% wealth": 25865488, "Top 5% ownership": 58.8430574362, "Top 5% accounts": 60, "Top 10% wealth": 35511953, "Top 10% ownership": 80.7884193042, "Top 10% accounts": 120, "Top 25% wealth": 40728230, "Top 25% ownership": 92.6552623776, "Top 25% accounts": 300, "Top 50% wealth": 41076096, "Top 50% ownership": 93.4466450501, "Top 50% accounts": 600, "Date": "15 Nov 2021 10:28 UTC"}