{"Shift": 359656.0, "Total": 39452126, "Accounts": 1040, "Max balance": 742820, "Richest": "0dc3388ddeb691506362c346509f4f68abd4d6f721b52c1199ff4eb8abcd887c", "Top 5% wealth": 20820688, "Top 5% ownership": 52.7745653048, "Top 5% accounts": 52, "Top 10% wealth": 29675517, "Top 10% ownership": 75.2190566359, "Top 10% accounts": 104, "Top 25% wealth": 35139389, "Top 25% ownership": 89.0684294175, "Top 25% accounts": 260, "Top 50% wealth": 35569137, "Top 50% ownership": 90.157719257, "Top 50% accounts": 520, "Date": "12 Sep 2021 10:26 UTC"}