{"Shift": 0.0, "Total": 45146890, "Accounts": 1374, "Max balance": 810030, "Richest": "67077b2397f99fb6c63185af25cdf49d43736b22b7ea5dd68089a04cd4dbf8cf", "Top 5% wealth": 26367630, "Top 5% ownership": 58.4040894068, "Top 5% accounts": 69, "Top 10% wealth": 36041173, "Top 10% ownership": 79.830909726, "Top 10% accounts": 137, "Top 25% wealth": 42081203, "Top 25% ownership": 93.2095278324, "Top 25% accounts": 344, "Top 50% wealth": 42384331, "Top 50% ownership": 93.8809539262, "Top 50% accounts": 687, "Date": "10 Feb 2022 10:26 UTC"}