{"Shift": -2000.0, "Total": 35212102, "Accounts": 833, "Max balance": 1234702, "Richest": "0fbd274ac9b151ce9e204fc607677e5ff65c2cec4c38b8da3d2797105af105fb", "Top 5% wealth": 17623351, "Top 5% ownership": 50.0491308358, "Top 5% accounts": 42, "Top 10% wealth": 26235456, "Top 10% ownership": 74.5069294642, "Top 10% accounts": 83, "Top 25% wealth": 31834033, "Top 25% ownership": 90.406511375, "Top 25% accounts": 208, "Top 50% wealth": 32254331, "Top 50% ownership": 91.6001294101, "Top 50% accounts": 417, "Date": "14 May 2021 10:33 UTC"}