{"Shift": 54336.0, "Total": 34208485, "Accounts": 812, "Max balance": 1234702, "Richest": "0fbd274ac9b151ce9e204fc607677e5ff65c2cec4c38b8da3d2797105af105fb", "Top 5% wealth": 16578269, "Top 5% ownership": 48.4624472554, "Top 5% accounts": 41, "Top 10% wealth": 24814413, "Top 10% ownership": 72.5387663324, "Top 10% accounts": 81, "Top 25% wealth": 30607100, "Top 25% ownership": 89.4722464324, "Top 25% accounts": 203, "Top 50% wealth": 31061294, "Top 50% ownership": 90.7999696567, "Top 50% accounts": 406, "Date": "28 Apr 2021 10:16 UTC"}