{"Shift": -6400.0, "Total": 36195819, "Accounts": 870, "Max balance": 1000000, "Richest": "0fbd274ac9b151ce9e204fc607677e5ff65c2cec4c38b8da3d2797105af105fb", "Top 5% wealth": 18365015, "Top 5% ownership": 50.7379457279, "Top 5% accounts": 44, "Top 10% wealth": 27313767, "Top 10% ownership": 75.4611105774, "Top 10% accounts": 87, "Top 25% wealth": 32949084, "Top 25% ownership": 91.0300827839, "Top 25% accounts": 218, "Top 50% wealth": 33326662, "Top 50% ownership": 92.0732364144, "Top 50% accounts": 435, "Date": "27 May 2021 10:56 UTC"}