{"Shift": 364.0, "Total": 43958188, "Accounts": 1261, "Max balance": 810029, "Richest": "67077b2397f99fb6c63185af25cdf49d43736b22b7ea5dd68089a04cd4dbf8cf", "Top 5% wealth": 25197994, "Top 5% ownership": 57.3226403236, "Top 5% accounts": 63, "Top 10% wealth": 34651947, "Top 10% ownership": 78.8293343666, "Top 10% accounts": 126, "Top 25% wealth": 40638048, "Top 25% ownership": 92.4470499102, "Top 25% accounts": 315, "Top 50% wealth": 41018007, "Top 50% ownership": 93.3114144741, "Top 50% accounts": 631, "Date": "25 Dec 2021 10:28 UTC"}