{"Shift": 2.0, "Total": 35208312, "Accounts": 844, "Max balance": 1000000, "Richest": "0fbd274ac9b151ce9e204fc607677e5ff65c2cec4c38b8da3d2797105af105fb", "Top 5% wealth": 16732300, "Top 5% ownership": 47.5237211031, "Top 5% accounts": 42, "Top 10% wealth": 25297488, "Top 10% ownership": 71.8508970268, "Top 10% accounts": 84, "Top 25% wealth": 30906076, "Top 25% ownership": 87.7806240754, "Top 25% accounts": 211, "Top 50% wealth": 31350461, "Top 50% ownership": 89.04278342, "Top 50% accounts": 422, "Date": "22 May 2021 10:34 UTC"}