{"Shift": 0.0, "Total": 37930830, "Accounts": 1008, "Max balance": 800000, "Richest": "e249c7ae7e2ece6a1c2f8b50989cdc94b3bb60174add3445f2166e80d2fcd797", "Top 5% wealth": 20357062, "Top 5% ownership": 53.6689073242, "Top 5% accounts": 50, "Top 10% wealth": 29010953, "Top 10% ownership": 76.4838338628, "Top 10% accounts": 101, "Top 25% wealth": 34493488, "Top 25% ownership": 90.9378676923, "Top 25% accounts": 252, "Top 50% wealth": 34931333, "Top 50% ownership": 92.0921925515, "Top 50% accounts": 504, "Date": "29 Jul 2021 10:27 UTC"}