{"Shift": 22608.0, "Total": 32663745, "Accounts": 670, "Max balance": 600000, "Richest": "e49d214572d379e0e7137a9b47c950dcd813ef2aa72f250cf6de442e482683c7", "Top 5% wealth": 13375978, "Top 5% ownership": 40.9505339942, "Top 5% accounts": 34, "Top 10% wealth": 22208544, "Top 10% ownership": 67.9914198448, "Top 10% accounts": 67, "Top 25% wealth": 30675768, "Top 25% ownership": 93.9138117812, "Top 25% accounts": 168, "Top 50% wealth": 32548701, "Top 50% ownership": 99.6477929888, "Top 50% accounts": 335, "Date": "17 Mar 2021 10:31 UTC"}