{"Shift": 104.0, "Total": 35212206, "Accounts": 837, "Max balance": 1234702, "Richest": "0fbd274ac9b151ce9e204fc607677e5ff65c2cec4c38b8da3d2797105af105fb", "Top 5% wealth": 17628791, "Top 5% ownership": 50.0644322029, "Top 5% accounts": 42, "Top 10% wealth": 26358739, "Top 10% ownership": 74.8568237957, "Top 10% accounts": 84, "Top 25% wealth": 31837630, "Top 25% ownership": 90.4164595652, "Top 25% accounts": 209, "Top 50% wealth": 32264385, "Top 50% ownership": 91.6284114662, "Top 50% accounts": 419, "Date": "15 May 2021 10:32 UTC"}