{"Shift": 755368.0, "Total": 46366340, "Accounts": 1391, "Max balance": 810030, "Richest": "67077b2397f99fb6c63185af25cdf49d43736b22b7ea5dd68089a04cd4dbf8cf", "Top 5% wealth": 27299883, "Top 5% ownership": 58.8786671538, "Top 5% accounts": 70, "Top 10% wealth": 37151835, "Top 10% ownership": 80.126736335, "Top 10% accounts": 139, "Top 25% wealth": 43256071, "Top 25% ownership": 93.291967837, "Top 25% accounts": 348, "Top 50% wealth": 43563261, "Top 50% ownership": 93.9544958692, "Top 50% accounts": 696, "Date": "24 Feb 2022 10:27 UTC"}