{"Shift": 0.0, "Total": 37165669, "Accounts": 953, "Max balance": 800000, "Richest": "e249c7ae7e2ece6a1c2f8b50989cdc94b3bb60174add3445f2166e80d2fcd797", "Top 5% wealth": 19376825, "Top 5% ownership": 52.1363546557, "Top 5% accounts": 48, "Top 10% wealth": 28146053, "Top 10% ownership": 75.7313234426, "Top 10% accounts": 95, "Top 25% wealth": 33819506, "Top 25% ownership": 90.9966291741, "Top 25% accounts": 238, "Top 50% wealth": 34301818, "Top 50% ownership": 92.2943644577, "Top 50% accounts": 477, "Date": "23 Jun 2021 10:30 UTC"}