{"Shift": 0.0, "Total": 24409366, "Accounts": 538, "Max balance": 529300, "Richest": "02252d0bff25e51bdde628c89b48b0e270f4fa51c2dce45bf317d8801b1fdbea", "Top 5% wealth": 9116876, "Top 5% ownership": 37.3499090472, "Top 5% accounts": 27, "Top 10% wealth": 16114055, "Top 10% ownership": 66.0158686629, "Top 10% accounts": 54, "Top 25% wealth": 23355151, "Top 25% ownership": 95.68110454, "Top 25% accounts": 135, "Top 50% wealth": 24315510, "Top 50% ownership": 99.6154918567, "Top 50% accounts": 269, "Date": "21 Feb 2021 10:31 UTC"}