{"Shift": -5500.0, "Total": 37156669, "Accounts": 958, "Max balance": 800000, "Richest": "e249c7ae7e2ece6a1c2f8b50989cdc94b3bb60174add3445f2166e80d2fcd797", "Top 5% wealth": 19240705, "Top 5% ownership": 51.7826423031, "Top 5% accounts": 48, "Top 10% wealth": 28045129, "Top 10% ownership": 75.4780494452, "Top 10% accounts": 96, "Top 25% wealth": 33939650, "Top 25% ownership": 91.3420145385, "Top 25% accounts": 240, "Top 50% wealth": 34446422, "Top 50% ownership": 92.7058935234, "Top 50% accounts": 479, "Date": "29 Jun 2021 10:28 UTC"}