{"Shift": 0.0, "Total": 43957460, "Accounts": 1242, "Max balance": 1325333, "Richest": "6e5ea8507e38be7250cde9b8ff1f7c8e39a1460de16b38e6f4d5562ae36b5c1a", "Top 5% wealth": 25883220, "Top 5% ownership": 58.8824286026, "Top 5% accounts": 62, "Top 10% wealth": 35670971, "Top 10% ownership": 81.148844815, "Top 10% accounts": 124, "Top 25% wealth": 40766249, "Top 25% ownership": 92.7402288485, "Top 25% accounts": 311, "Top 50% wealth": 41086073, "Top 50% ownership": 93.4678050097, "Top 50% accounts": 621, "Date": "30 Nov 2021 10:23 UTC"}