{"Shift": 0.0, "Total": 37162169, "Accounts": 953, "Max balance": 800000, "Richest": "e249c7ae7e2ece6a1c2f8b50989cdc94b3bb60174add3445f2166e80d2fcd797", "Top 5% wealth": 19270381, "Top 5% ownership": 51.8548338769, "Top 5% accounts": 48, "Top 10% wealth": 27957160, "Top 10% ownership": 75.2301621577, "Top 10% accounts": 95, "Top 25% wealth": 33958909, "Top 25% ownership": 91.3803201315, "Top 25% accounts": 238, "Top 50% wealth": 34472933, "Top 50% ownership": 92.7635117315, "Top 50% accounts": 477, "Date": "27 Jun 2021 10:27 UTC"}