{"Shift": 117612.0, "Total": 22086576, "Accounts": 508, "Max balance": 490100, "Richest": "02252d0bff25e51bdde628c89b48b0e270f4fa51c2dce45bf317d8801b1fdbea", "Top 5% wealth": 7947078, "Top 5% ownership": 35.9814848621, "Top 5% accounts": 25, "Top 10% wealth": 14353897, "Top 10% ownership": 64.9892359957, "Top 10% accounts": 51, "Top 25% wealth": 21144500, "Top 25% ownership": 95.7346217902, "Top 25% accounts": 127, "Top 50% wealth": 21995903, "Top 50% ownership": 99.589465565, "Top 50% accounts": 254, "Date": "13 Feb 2021 10:29 UTC"}