{"Shift": 0.0, "Total": 46366340, "Accounts": 1408, "Max balance": 810030, "Richest": "67077b2397f99fb6c63185af25cdf49d43736b22b7ea5dd68089a04cd4dbf8cf", "Top 5% wealth": 27281466, "Top 5% ownership": 58.8389465289, "Top 5% accounts": 70, "Top 10% wealth": 37302355, "Top 10% ownership": 80.4513683849, "Top 10% accounts": 141, "Top 25% wealth": 43274470, "Top 25% ownership": 93.3316496407, "Top 25% accounts": 352, "Top 50% wealth": 43557087, "Top 50% ownership": 93.9411801751, "Top 50% accounts": 704, "Date": "02 Mar 2022 10:28 UTC"}