{"Shift": -3500.0, "Total": 35214390, "Accounts": 815, "Max balance": 1234702, "Richest": "0fbd274ac9b151ce9e204fc607677e5ff65c2cec4c38b8da3d2797105af105fb", "Top 5% wealth": 17452448, "Top 5% ownership": 49.560557488, "Top 5% accounts": 41, "Top 10% wealth": 26186398, "Top 10% ownership": 74.3627761265, "Top 10% accounts": 82, "Top 25% wealth": 31821489, "Top 25% ownership": 90.3650155519, "Top 25% accounts": 204, "Top 50% wealth": 32253286, "Top 50% ownership": 91.5912102978, "Top 50% accounts": 408, "Date": "07 May 2021 10:31 UTC"}