{"Shift": 0.0, "Total": 46588638, "Accounts": 1425, "Max balance": 810030, "Richest": "67077b2397f99fb6c63185af25cdf49d43736b22b7ea5dd68089a04cd4dbf8cf", "Top 5% wealth": 27521509, "Top 5% ownership": 59.0734354587, "Top 5% accounts": 71, "Top 10% wealth": 37546378, "Top 10% ownership": 80.5912763537, "Top 10% accounts": 143, "Top 25% wealth": 43542410, "Top 25% ownership": 93.4614358119, "Top 25% accounts": 356, "Top 50% wealth": 43817326, "Top 50% ownership": 94.0515281859, "Top 50% accounts": 713, "Date": "31 Mar 2022 10:29 UTC"}