{"Shift": 13006.0, "Total": 11287745, "Accounts": 415, "Max balance": 292340, "Richest": "a2d73cf3b37a62276ade44a96860495510d0e7d7c468950d4e49ac8a62b3d31d", "Top 5% wealth": 4359672, "Top 5% ownership": 38.6230553578, "Top 5% accounts": 21, "Top 10% wealth": 7465718, "Top 10% ownership": 66.1400306261, "Top 10% accounts": 42, "Top 25% wealth": 10942751, "Top 25% ownership": 96.9436410904, "Top 25% accounts": 104, "Top 50% wealth": 11222296, "Top 50% ownership": 99.4201764834, "Top 50% accounts": 208, "Date": "03 Jan 2021 10:42 UTC"}