{"Shift": -121640.0, "Total": 32542105, "Accounts": 663, "Max balance": 600000, "Richest": "e49d214572d379e0e7137a9b47c950dcd813ef2aa72f250cf6de442e482683c7", "Top 5% wealth": 13193187, "Top 5% ownership": 40.5418979504, "Top 5% accounts": 33, "Top 10% wealth": 22244938, "Top 10% ownership": 68.3574034316, "Top 10% accounts": 66, "Top 25% wealth": 30703604, "Top 25% ownership": 94.3503931291, "Top 25% accounts": 166, "Top 50% wealth": 32431253, "Top 50% ownership": 99.6593582376, "Top 50% accounts": 332, "Date": "18 Mar 2021 10:31 UTC"}