{"Shift": 31324.0, "Total": 33960123, "Accounts": 801, "Max balance": 1234702, "Richest": "0fbd274ac9b151ce9e204fc607677e5ff65c2cec4c38b8da3d2797105af105fb", "Top 5% wealth": 16291341, "Top 5% ownership": 47.971972893, "Top 5% accounts": 40, "Top 10% wealth": 24602495, "Top 10% ownership": 72.4452470328, "Top 10% accounts": 80, "Top 25% wealth": 30304240, "Top 25% ownership": 89.2347769176, "Top 25% accounts": 200, "Top 50% wealth": 30692168, "Top 50% ownership": 90.3770813787, "Top 50% accounts": 401, "Date": "20 Apr 2021 10:16 UTC"}