{"Shift": 1758.0, "Total": 38571102, "Accounts": 1019, "Max balance": 815634, "Richest": "a2d73cf3b37a62276ade44a96860495510d0e7d7c468950d4e49ac8a62b3d31d", "Top 5% wealth": 21042833, "Top 5% ownership": 54.55595487, "Top 5% accounts": 51, "Top 10% wealth": 29706064, "Top 10% ownership": 77.0163735534, "Top 10% accounts": 102, "Top 25% wealth": 35184236, "Top 25% ownership": 91.2191619519, "Top 25% accounts": 255, "Top 50% wealth": 35625231, "Top 50% ownership": 92.3624920024, "Top 50% accounts": 510, "Date": "19 Aug 2021 10:27 UTC"}