{"Shift": 208526.0, "Total": 20165573, "Accounts": 486, "Max balance": 450900, "Richest": "02252d0bff25e51bdde628c89b48b0e270f4fa51c2dce45bf317d8801b1fdbea", "Top 5% wealth": 7174847, "Top 5% ownership": 35.5796832552, "Top 5% accounts": 24, "Top 10% wealth": 12995206, "Top 10% ownership": 64.4425328256, "Top 10% accounts": 49, "Top 25% wealth": 19413770, "Top 25% ownership": 96.2718490568, "Top 25% accounts": 122, "Top 50% wealth": 20080136, "Top 50% ownership": 99.5763224779, "Top 50% accounts": 243, "Date": "06 Feb 2021 10:28 UTC"}