{"Shift": 3508.0, "Total": 8256347, "Accounts": 388, "Max balance": 253140, "Richest": "a2d73cf3b37a62276ade44a96860495510d0e7d7c468950d4e49ac8a62b3d31d", "Top 5% wealth": 3280853, "Top 5% ownership": 39.7373438883, "Top 5% accounts": 19, "Top 10% wealth": 5509787, "Top 10% ownership": 66.7339563126, "Top 10% accounts": 39, "Top 25% wealth": 8053744, "Top 25% ownership": 97.5460939323, "Top 25% accounts": 97, "Top 50% wealth": 8201904, "Top 50% ownership": 99.3405921529, "Top 50% accounts": 194, "Date": "19 Dec 2020 10:35 UTC"}