{"Shift": 118680.0, "Total": 38992468, "Accounts": 1026, "Max balance": 800000, "Richest": "e249c7ae7e2ece6a1c2f8b50989cdc94b3bb60174add3445f2166e80d2fcd797", "Top 5% wealth": 20852058, "Top 5% ownership": 53.4771433293, "Top 5% accounts": 51, "Top 10% wealth": 29743663, "Top 10% ownership": 76.2805344868, "Top 10% accounts": 103, "Top 25% wealth": 35181207, "Top 25% ownership": 90.2256481944, "Top 25% accounts": 257, "Top 50% wealth": 35612363, "Top 50% ownership": 91.3313899495, "Top 50% accounts": 513, "Date": "04 Sep 2021 10:27 UTC"}