{"Shift": 0.0, "Total": 37425777, "Accounts": 987, "Max balance": 800000, "Richest": "e249c7ae7e2ece6a1c2f8b50989cdc94b3bb60174add3445f2166e80d2fcd797", "Top 5% wealth": 19571419, "Top 5% ownership": 52.293955046, "Top 5% accounts": 49, "Top 10% wealth": 28209394, "Top 10% ownership": 75.3742373872, "Top 10% accounts": 99, "Top 25% wealth": 34025888, "Top 25% ownership": 90.9156488588, "Top 25% accounts": 247, "Top 50% wealth": 34542143, "Top 50% ownership": 92.2950590979, "Top 50% accounts": 494, "Date": "09 Jul 2021 10:27 UTC"}