{"Shift": 988.0, "Total": 44673553, "Accounts": 1283, "Max balance": 810029, "Richest": "67077b2397f99fb6c63185af25cdf49d43736b22b7ea5dd68089a04cd4dbf8cf", "Top 5% wealth": 24912481, "Top 5% ownership": 55.7656137178, "Top 5% accounts": 64, "Top 10% wealth": 35084053, "Top 10% ownership": 78.5342795546, "Top 10% accounts": 128, "Top 25% wealth": 41502732, "Top 25% ownership": 92.902241288, "Top 25% accounts": 321, "Top 50% wealth": 41932476, "Top 50% ownership": 93.8642064131, "Top 50% accounts": 642, "Date": "16 Jan 2022 10:28 UTC"}