{"Shift": 59.0, "Total": 39954666, "Accounts": 1114, "Max balance": 742820, "Richest": "0dc3388ddeb691506362c346509f4f68abd4d6f721b52c1199ff4eb8abcd887c", "Top 5% wealth": 22106664, "Top 5% ownership": 55.3293675387, "Top 5% accounts": 56, "Top 10% wealth": 30590747, "Top 10% ownership": 76.5636409024, "Top 10% accounts": 111, "Top 25% wealth": 35744122, "Top 25% ownership": 89.4616964136, "Top 25% accounts": 279, "Top 50% wealth": 36072586, "Top 50% ownership": 90.2837881313, "Top 50% accounts": 557, "Date": "05 Oct 2021 10:27 UTC"}