{"Shift": 0.0, "Total": 37173565, "Accounts": 948, "Max balance": 819391, "Richest": "5ad13fd8cc674da7a3ad35426e0fcfe3a3157a044ebda0f54b9b32ee873ea921", "Top 5% wealth": 19331576, "Top 5% ownership": 52.0035568286, "Top 5% accounts": 47, "Top 10% wealth": 28303538, "Top 10% ownership": 76.1388852535, "Top 10% accounts": 95, "Top 25% wealth": 33859394, "Top 25% ownership": 91.0846027278, "Top 25% accounts": 237, "Top 50% wealth": 34296678, "Top 50% ownership": 92.2609332734, "Top 50% accounts": 474, "Date": "18 Jun 2021 10:30 UTC"}