{"Shift": 2002.0, "Total": 37177941, "Accounts": 926, "Max balance": 1000000, "Richest": "0fbd274ac9b151ce9e204fc607677e5ff65c2cec4c38b8da3d2797105af105fb", "Top 5% wealth": 19313358, "Top 5% ownership": 51.9484336155, "Top 5% accounts": 46, "Top 10% wealth": 28394018, "Top 10% ownership": 76.3732935076, "Top 10% accounts": 93, "Top 25% wealth": 33961584, "Top 25% ownership": 91.3487489799, "Top 25% accounts": 232, "Top 50% wealth": 34353092, "Top 50% ownership": 92.4018142909, "Top 50% accounts": 463, "Date": "14 Jun 2021 10:30 UTC"}