{"Shift": 0.0, "Total": 36173879, "Accounts": 887, "Max balance": 1000000, "Richest": "0fbd274ac9b151ce9e204fc607677e5ff65c2cec4c38b8da3d2797105af105fb", "Top 5% wealth": 17895333, "Top 5% ownership": 49.4703180712, "Top 5% accounts": 44, "Top 10% wealth": 27155555, "Top 10% ownership": 75.069513557, "Top 10% accounts": 89, "Top 25% wealth": 32852811, "Top 25% ownership": 90.8191543406, "Top 25% accounts": 222, "Top 50% wealth": 33240547, "Top 50% ownership": 91.8910216955, "Top 50% accounts": 444, "Date": "03 Jun 2021 11:14 UTC"}