{"Shift": 0.0, "Total": 30721725, "Accounts": 651, "Max balance": 600000, "Richest": "e49d214572d379e0e7137a9b47c950dcd813ef2aa72f250cf6de442e482683c7", "Top 5% wealth": 12586483, "Top 5% ownership": 40.9693238254, "Top 5% accounts": 33, "Top 10% wealth": 21206424, "Top 10% ownership": 69.0274520718, "Top 10% accounts": 65, "Top 25% wealth": 29148235, "Top 25% ownership": 94.8782498379, "Top 25% accounts": 163, "Top 50% wealth": 30620127, "Top 50% ownership": 99.6692959136, "Top 50% accounts": 326, "Date": "13 Mar 2021 10:30 UTC"}