{"Shift": 0.0, "Total": 38145832, "Accounts": 1012, "Max balance": 800000, "Richest": "e249c7ae7e2ece6a1c2f8b50989cdc94b3bb60174add3445f2166e80d2fcd797", "Top 5% wealth": 20771005, "Top 5% ownership": 54.4515715374, "Top 5% accounts": 51, "Top 10% wealth": 29208434, "Top 10% ownership": 76.5704468053, "Top 10% accounts": 101, "Top 25% wealth": 34717757, "Top 25% ownership": 91.0132383533, "Top 25% accounts": 253, "Top 50% wealth": 35155069, "Top 50% ownership": 92.1596598024, "Top 50% accounts": 506, "Date": "07 Aug 2021 10:26 UTC"}