{"Shift": 0.0, "Total": 36168539, "Accounts": 894, "Max balance": 1000000, "Richest": "0fbd274ac9b151ce9e204fc607677e5ff65c2cec4c38b8da3d2797105af105fb", "Top 5% wealth": 18118209, "Top 5% ownership": 50.0938370776, "Top 5% accounts": 45, "Top 10% wealth": 27062155, "Top 10% ownership": 74.8223615004, "Top 10% accounts": 89, "Top 25% wealth": 32840727, "Top 25% ownership": 90.7991528217, "Top 25% accounts": 224, "Top 50% wealth": 33234112, "Top 50% ownership": 91.8867969757, "Top 50% accounts": 447, "Date": "05 Jun 2021 11:04 UTC"}