{"Shift": 0.0, "Total": 44767863, "Accounts": 1286, "Max balance": 810029, "Richest": "67077b2397f99fb6c63185af25cdf49d43736b22b7ea5dd68089a04cd4dbf8cf", "Top 5% wealth": 25028877, "Top 5% ownership": 55.9081343686, "Top 5% accounts": 64, "Top 10% wealth": 35239982, "Top 10% ownership": 78.7171413565, "Top 10% accounts": 129, "Top 25% wealth": 41611545, "Top 25% ownership": 92.9495897537, "Top 25% accounts": 322, "Top 50% wealth": 42024844, "Top 50% ownership": 93.8727944195, "Top 50% accounts": 643, "Date": "21 Jan 2022 10:26 UTC"}