{"Shift": 0.0, "Total": 46486654, "Accounts": 1421, "Max balance": 810030, "Richest": "67077b2397f99fb6c63185af25cdf49d43736b22b7ea5dd68089a04cd4dbf8cf", "Top 5% wealth": 27495838, "Top 5% ownership": 59.1478104662, "Top 5% accounts": 71, "Top 10% wealth": 37549968, "Top 10% ownership": 80.7758028788, "Top 10% accounts": 142, "Top 25% wealth": 43419815, "Top 25% ownership": 93.4027538312, "Top 25% accounts": 355, "Top 50% wealth": 43674211, "Top 50% ownership": 93.9499990685, "Top 50% accounts": 711, "Date": "09 Mar 2022 10:28 UTC"}