{"Shift": 0.0, "Total": 43957824, "Accounts": 1250, "Max balance": 810029, "Richest": "67077b2397f99fb6c63185af25cdf49d43736b22b7ea5dd68089a04cd4dbf8cf", "Top 5% wealth": 25321238, "Top 5% ownership": 57.6034837393, "Top 5% accounts": 63, "Top 10% wealth": 34749738, "Top 10% ownership": 79.0524526419, "Top 10% accounts": 125, "Top 25% wealth": 40635707, "Top 25% ownership": 92.4424898739, "Top 25% accounts": 313, "Top 50% wealth": 41004152, "Top 50% ownership": 93.2806683061, "Top 50% accounts": 625, "Date": "21 Dec 2021 10:29 UTC"}