{"Shift": 22106.0, "Total": 26543778, "Accounts": 556, "Max balance": 600000, "Richest": "e49d214572d379e0e7137a9b47c950dcd813ef2aa72f250cf6de442e482683c7", "Top 5% wealth": 10303190, "Top 5% ownership": 38.815838499, "Top 5% accounts": 28, "Top 10% wealth": 17845045, "Top 10% ownership": 67.2287305899, "Top 10% accounts": 56, "Top 25% wealth": 25288222, "Top 25% ownership": 95.2698670099, "Top 25% accounts": 139, "Top 50% wealth": 26444535, "Top 50% ownership": 99.62611577, "Top 50% accounts": 278, "Date": "26 Feb 2021 10:37 UTC"}