{"Shift": 2000002.0, "Total": 45958190, "Accounts": 1266, "Max balance": 1944417, "Richest": "6e5ea8507e38be7250cde9b8ff1f7c8e39a1460de16b38e6f4d5562ae36b5c1a", "Top 5% wealth": 26722025, "Top 5% ownership": 58.1442067235, "Top 5% accounts": 63, "Top 10% wealth": 36512341, "Top 10% ownership": 79.4468646394, "Top 10% accounts": 127, "Top 25% wealth": 42646774, "Top 25% ownership": 92.7947205928, "Top 25% accounts": 317, "Top 50% wealth": 43044880, "Top 50% ownership": 93.6609557513, "Top 50% accounts": 633, "Date": "29 Dec 2021 10:29 UTC"}