{"Shift": 0.0, "Total": 32583667, "Accounts": 711, "Max balance": 1090298, "Richest": "0fbd274ac9b151ce9e204fc607677e5ff65c2cec4c38b8da3d2797105af105fb", "Top 5% wealth": 14697925, "Top 5% ownership": 45.1082593006, "Top 5% accounts": 36, "Top 10% wealth": 23009550, "Top 10% ownership": 70.6168216119, "Top 10% accounts": 71, "Top 25% wealth": 28969546, "Top 25% ownership": 88.908182127, "Top 25% accounts": 178, "Top 50% wealth": 29210066, "Top 50% ownership": 89.6463433658, "Top 50% accounts": 356, "Date": "24 Mar 2021 10:18 UTC"}