{"Shift": -5604.0, "Total": 36173879, "Accounts": 885, "Max balance": 1000000, "Richest": "0fbd274ac9b151ce9e204fc607677e5ff65c2cec4c38b8da3d2797105af105fb", "Top 5% wealth": 17854565, "Top 5% ownership": 49.3576179652, "Top 5% accounts": 44, "Top 10% wealth": 27164617, "Top 10% ownership": 75.0945647825, "Top 10% accounts": 89, "Top 25% wealth": 32941557, "Top 25% ownership": 91.0644860619, "Top 25% accounts": 221, "Top 50% wealth": 33342474, "Top 50% ownership": 92.1727913117, "Top 50% accounts": 443, "Date": "01 Jun 2021 11:15 UTC"}