{"Shift": 1756.0, "Total": 9674955, "Accounts": 398, "Max balance": 272740, "Richest": "a2d73cf3b37a62276ade44a96860495510d0e7d7c468950d4e49ac8a62b3d31d", "Top 5% wealth": 3807144, "Top 5% ownership": 39.350508607, "Top 5% accounts": 20, "Top 10% wealth": 6391095, "Top 10% ownership": 66.0581367045, "Top 10% accounts": 40, "Top 25% wealth": 9439995, "Top 25% ownership": 97.5714615727, "Top 25% accounts": 100, "Top 50% wealth": 9618735, "Top 50% ownership": 99.4189120259, "Top 50% accounts": 199, "Date": "26 Dec 2020 10:37 UTC"}