{"Shift": 1000002.0, "Total": 35240287, "Accounts": 814, "Max balance": 1234702, "Richest": "0fbd274ac9b151ce9e204fc607677e5ff65c2cec4c38b8da3d2797105af105fb", "Top 5% wealth": 17472444, "Top 5% ownership": 49.580878839, "Top 5% accounts": 41, "Top 10% wealth": 25936549, "Top 10% ownership": 73.5991423679, "Top 10% accounts": 81, "Top 25% wealth": 31810669, "Top 25% ownership": 90.2679055934, "Top 25% accounts": 204, "Top 50% wealth": 32247086, "Top 50% ownership": 91.506309242, "Top 50% accounts": 407, "Date": "30 Apr 2021 10:31 UTC"}