{"Shift": 52.0, "Total": 44882355, "Accounts": 1302, "Max balance": 810029, "Richest": "67077b2397f99fb6c63185af25cdf49d43736b22b7ea5dd68089a04cd4dbf8cf", "Top 5% wealth": 25176037, "Top 5% ownership": 56.0933957231, "Top 5% accounts": 65, "Top 10% wealth": 35301855, "Top 10% ownership": 78.6541949503, "Top 10% accounts": 130, "Top 25% wealth": 41747118, "Top 25% ownership": 93.0145443571, "Top 25% accounts": 326, "Top 50% wealth": 42137753, "Top 50% ownership": 93.8848975282, "Top 50% accounts": 651, "Date": "28 Jan 2022 10:27 UTC"}