{"Shift": 0.0, "Total": 41955025, "Accounts": 1137, "Max balance": 833431, "Richest": "6e5ea8507e38be7250cde9b8ff1f7c8e39a1460de16b38e6f4d5562ae36b5c1a", "Top 5% wealth": 23615787, "Top 5% ownership": 56.2883397162, "Top 5% accounts": 57, "Top 10% wealth": 32556220, "Top 10% ownership": 77.597903946, "Top 10% accounts": 114, "Top 25% wealth": 37689511, "Top 25% ownership": 89.8331272595, "Top 25% accounts": 284, "Top 50% wealth": 38034575, "Top 50% ownership": 90.6555889312, "Top 50% accounts": 569, "Date": "18 Oct 2021 10:28 UTC"}