{"Shift": 281464943466635.0, "Total": 281464973678346, "Accounts": 651, "Max balance": 281464942956621, "Richest": "0000000000000000000000000000000000000000000000000000000000000000", "Top 5% wealth": 281464955229570, "Top 5% ownership": 99.9999934454, "Top 5% accounts": 33, "Top 10% wealth": 281464963936212, "Top 10% ownership": 99.9999965388, "Top 10% accounts": 65, "Top 25% wealth": 281464972057632, "Top 25% ownership": 99.9999994242, "Top 25% accounts": 163, "Top 50% wealth": 281464973574870, "Top 50% ownership": 99.9999999632, "Top 50% accounts": 326, "Date": "12 Mar 2021 10:31 UTC"}