{"Shift": 2000002.0, "Total": 43955649, "Accounts": 1166, "Max balance": 1963091, "Richest": "6e5ea8507e38be7250cde9b8ff1f7c8e39a1460de16b38e6f4d5562ae36b5c1a", "Top 5% wealth": 25165005, "Top 5% ownership": 57.2509007887, "Top 5% accounts": 58, "Top 10% wealth": 34512274, "Top 10% ownership": 78.516128837, "Top 10% accounts": 117, "Top 25% wealth": 39677863, "Top 25% ownership": 90.2679494051, "Top 25% accounts": 292, "Top 50% wealth": 40060821, "Top 50% ownership": 91.1391866834, "Top 50% accounts": 583, "Date": "09 Nov 2021 10:27 UTC"}