{"Shift": 0.0, "Total": 44905359, "Accounts": 1303, "Max balance": 810029, "Richest": "67077b2397f99fb6c63185af25cdf49d43736b22b7ea5dd68089a04cd4dbf8cf", "Top 5% wealth": 25369189, "Top 5% ownership": 56.494791635, "Top 5% accounts": 65, "Top 10% wealth": 35323709, "Top 10% ownership": 78.662568982, "Top 10% accounts": 130, "Top 25% wealth": 41755461, "Top 25% ownership": 92.9854741836, "Top 25% accounts": 326, "Top 50% wealth": 42130458, "Top 50% ownership": 93.8205571411, "Top 50% accounts": 652, "Date": "01 Feb 2022 10:26 UTC"}