{"Shift": 3006.0, "Total": 38711078, "Accounts": 1023, "Max balance": 827634, "Richest": "a2d73cf3b37a62276ade44a96860495510d0e7d7c468950d4e49ac8a62b3d31d", "Top 5% wealth": 21028629, "Top 5% ownership": 54.3219927898, "Top 5% accounts": 51, "Top 10% wealth": 29705735, "Top 10% ownership": 76.7370389427, "Top 10% accounts": 102, "Top 25% wealth": 35307331, "Top 25% ownership": 91.207305051, "Top 25% accounts": 256, "Top 50% wealth": 35771097, "Top 50% ownership": 92.4053238714, "Top 50% accounts": 512, "Date": "24 Aug 2021 10:27 UTC"}