{"Shift": 0.0, "Total": 46588638, "Accounts": 1425, "Max balance": 810030, "Richest": "67077b2397f99fb6c63185af25cdf49d43736b22b7ea5dd68089a04cd4dbf8cf", "Top 5% wealth": 27521697, "Top 5% ownership": 59.0738389905, "Top 5% accounts": 71, "Top 10% wealth": 37577192, "Top 10% ownership": 80.6574169436, "Top 10% accounts": 143, "Top 25% wealth": 43566836, "Top 25% ownership": 93.5138649041, "Top 25% accounts": 356, "Top 50% wealth": 43842377, "Top 50% ownership": 94.105298807, "Top 50% accounts": 713, "Date": "07 Apr 2022 10:28 UTC"}