{"Shift": 37722.0, "Total": 33997845, "Accounts": 802, "Max balance": 1234702, "Richest": "0fbd274ac9b151ce9e204fc607677e5ff65c2cec4c38b8da3d2797105af105fb", "Top 5% wealth": 16301370, "Top 5% ownership": 47.9482449549, "Top 5% accounts": 40, "Top 10% wealth": 24615235, "Top 10% ownership": 72.4023390306, "Top 10% accounts": 80, "Top 25% wealth": 30347506, "Top 25% ownership": 89.263028289, "Top 25% accounts": 201, "Top 50% wealth": 30729890, "Top 50% ownership": 90.3877584006, "Top 50% accounts": 401, "Date": "21 Apr 2021 10:16 UTC"}