{"Shift": 364.0, "Total": 43957101, "Accounts": 1207, "Max balance": 1963092, "Richest": "6e5ea8507e38be7250cde9b8ff1f7c8e39a1460de16b38e6f4d5562ae36b5c1a", "Top 5% wealth": 25869484, "Top 5% ownership": 58.85166085, "Top 5% accounts": 60, "Top 10% wealth": 35585352, "Top 10% ownership": 80.9547290209, "Top 10% accounts": 121, "Top 25% wealth": 40734384, "Top 25% ownership": 92.6684951312, "Top 25% accounts": 302, "Top 50% wealth": 41076060, "Top 50% ownership": 93.445789339, "Top 50% accounts": 604, "Date": "16 Nov 2021 10:28 UTC"}