{"Shift": 25782.0, "Total": 33878113, "Accounts": 793, "Max balance": 1234702, "Richest": "0fbd274ac9b151ce9e204fc607677e5ff65c2cec4c38b8da3d2797105af105fb", "Top 5% wealth": 16225712, "Top 5% ownership": 47.8943794774, "Top 5% accounts": 40, "Top 10% wealth": 24469200, "Top 10% ownership": 72.2271633016, "Top 10% accounts": 79, "Top 25% wealth": 30328394, "Top 25% ownership": 89.5220876086, "Top 25% accounts": 198, "Top 50% wealth": 30735264, "Top 50% ownership": 90.7230694933, "Top 50% accounts": 397, "Date": "17 Apr 2021 10:16 UTC"}