{"Shift": 0.0, "Total": 41955231, "Accounts": 1151, "Max balance": 793279, "Richest": "67077b2397f99fb6c63185af25cdf49d43736b22b7ea5dd68089a04cd4dbf8cf", "Top 5% wealth": 23423212, "Top 5% ownership": 55.8290621734, "Top 5% accounts": 58, "Top 10% wealth": 32403616, "Top 10% ownership": 77.2337923726, "Top 10% accounts": 115, "Top 25% wealth": 37682111, "Top 25% ownership": 89.8150483309, "Top 25% accounts": 288, "Top 50% wealth": 38069164, "Top 50% ownership": 90.7375864526, "Top 50% accounts": 576, "Date": "31 Oct 2021 10:27 UTC"}