{"Shift": 139608.0, "Total": 38070438, "Accounts": 1009, "Max balance": 800000, "Richest": "e249c7ae7e2ece6a1c2f8b50989cdc94b3bb60174add3445f2166e80d2fcd797", "Top 5% wealth": 20407362, "Top 5% ownership": 53.6042217324, "Top 5% accounts": 50, "Top 10% wealth": 29085180, "Top 10% ownership": 76.3983330058, "Top 10% accounts": 101, "Top 25% wealth": 34672052, "Top 25% ownership": 91.0734255277, "Top 25% accounts": 252, "Top 50% wealth": 35140287, "Top 50% ownership": 92.3033430821, "Top 50% accounts": 505, "Date": "31 Jul 2021 10:26 UTC"}