{"Shift": 0.0, "Total": 46588638, "Accounts": 1424, "Max balance": 810030, "Richest": "67077b2397f99fb6c63185af25cdf49d43736b22b7ea5dd68089a04cd4dbf8cf", "Top 5% wealth": 27541644, "Top 5% ownership": 59.1166541507, "Top 5% accounts": 71, "Top 10% wealth": 37576230, "Top 10% ownership": 80.6553520624, "Top 10% accounts": 142, "Top 25% wealth": 43551610, "Top 25% ownership": 93.4811831159, "Top 25% accounts": 356, "Top 50% wealth": 43824912, "Top 50% ownership": 94.067811126, "Top 50% accounts": 712, "Date": "23 Mar 2022 10:29 UTC"}