{"Shift": 0.0, "Total": 39954872, "Accounts": 1119, "Max balance": 742820, "Richest": "0dc3388ddeb691506362c346509f4f68abd4d6f721b52c1199ff4eb8abcd887c", "Top 5% wealth": 22104660, "Top 5% ownership": 55.324066612, "Top 5% accounts": 56, "Top 10% wealth": 30669812, "Top 10% ownership": 76.761131909, "Top 10% accounts": 112, "Top 25% wealth": 35752562, "Top 25% ownership": 89.4823589974, "Top 25% accounts": 280, "Top 50% wealth": 36081855, "Top 50% ownership": 90.3065213174, "Top 50% accounts": 560, "Date": "11 Oct 2021 10:27 UTC"}