{"Shift": 0.0, "Total": 45489732, "Accounts": 1377, "Max balance": 810030, "Richest": "67077b2397f99fb6c63185af25cdf49d43736b22b7ea5dd68089a04cd4dbf8cf", "Top 5% wealth": 26287139, "Top 5% ownership": 57.7869726733, "Top 5% accounts": 69, "Top 10% wealth": 36322802, "Top 10% ownership": 79.8483534702, "Top 10% accounts": 138, "Top 25% wealth": 42347793, "Top 25% ownership": 93.0930808737, "Top 25% accounts": 344, "Top 50% wealth": 42663175, "Top 50% ownership": 93.7863845845, "Top 50% accounts": 689, "Date": "18 Feb 2022 10:27 UTC"}