{"Shift": 0.0, "Total": 45958190, "Accounts": 1271, "Max balance": 1944417, "Richest": "6e5ea8507e38be7250cde9b8ff1f7c8e39a1460de16b38e6f4d5562ae36b5c1a", "Top 5% wealth": 26810086, "Top 5% ownership": 58.3358178379, "Top 5% accounts": 64, "Top 10% wealth": 36484326, "Top 10% ownership": 79.3859070603, "Top 10% accounts": 127, "Top 25% wealth": 42747382, "Top 25% ownership": 93.0136326082, "Top 25% accounts": 318, "Top 50% wealth": 43154735, "Top 50% ownership": 93.8999882284, "Top 50% accounts": 636, "Date": "07 Jan 2022 10:30 UTC"}