{"Shift": 10002.0, "Total": 32583667, "Accounts": 708, "Max balance": 1090298, "Richest": "0fbd274ac9b151ce9e204fc607677e5ff65c2cec4c38b8da3d2797105af105fb", "Top 5% wealth": 14385200, "Top 5% ownership": 44.148499308, "Top 5% accounts": 35, "Top 10% wealth": 23060478, "Top 10% ownership": 70.7731207786, "Top 10% accounts": 71, "Top 25% wealth": 29022260, "Top 25% ownership": 89.0699625674, "Top 25% accounts": 177, "Top 50% wealth": 29261068, "Top 50% ownership": 89.8028696402, "Top 50% accounts": 354, "Date": "23 Mar 2021 10:32 UTC"}