{"Shift": 793022.0, "Total": 25202388, "Accounts": 548, "Max balance": 600000, "Richest": "e49d214572d379e0e7137a9b47c950dcd813ef2aa72f250cf6de442e482683c7", "Top 5% wealth": 9341476, "Top 5% ownership": 37.0658367771, "Top 5% accounts": 27, "Top 10% wealth": 16518387, "Top 10% ownership": 65.5429437877, "Top 10% accounts": 55, "Top 25% wealth": 24000657, "Top 25% ownership": 95.2316780457, "Top 25% accounts": 137, "Top 50% wealth": 25105648, "Top 50% ownership": 99.6161474857, "Top 50% accounts": 274, "Date": "22 Feb 2021 10:26 UTC"}