{"Shift": 104.0, "Total": 37167669, "Accounts": 950, "Max balance": 800000, "Richest": "e249c7ae7e2ece6a1c2f8b50989cdc94b3bb60174add3445f2166e80d2fcd797", "Top 5% wealth": 19541016, "Top 5% ownership": 52.5753067807, "Top 5% accounts": 48, "Top 10% wealth": 28271374, "Top 10% ownership": 76.0644257782, "Top 10% accounts": 95, "Top 25% wealth": 33844408, "Top 25% ownership": 91.0587317165, "Top 25% accounts": 238, "Top 50% wealth": 34305809, "Top 50% ownership": 92.3001359058, "Top 50% accounts": 475, "Date": "21 Jun 2021 10:30 UTC"}