{"Shift": 241120.0, "Total": 45146479, "Accounts": 1308, "Max balance": 810029, "Richest": "67077b2397f99fb6c63185af25cdf49d43736b22b7ea5dd68089a04cd4dbf8cf", "Top 5% wealth": 25432189, "Top 5% ownership": 56.3326079095, "Top 5% accounts": 65, "Top 10% wealth": 35557497, "Top 10% ownership": 78.7602882608, "Top 10% accounts": 131, "Top 25% wealth": 41980071, "Top 25% ownership": 92.9863677741, "Top 25% accounts": 327, "Top 50% wealth": 42371842, "Top 50% ownership": 93.8541453033, "Top 50% accounts": 654, "Date": "02 Feb 2022 10:26 UTC"}