{"Shift": 0.0, "Total": 46588638, "Accounts": 1423, "Max balance": 810030, "Richest": "67077b2397f99fb6c63185af25cdf49d43736b22b7ea5dd68089a04cd4dbf8cf", "Top 5% wealth": 27522443, "Top 5% ownership": 59.0754402393, "Top 5% accounts": 71, "Top 10% wealth": 37607098, "Top 10% ownership": 80.7216085604, "Top 10% accounts": 142, "Top 25% wealth": 43566276, "Top 25% ownership": 93.5126628943, "Top 25% accounts": 356, "Top 50% wealth": 43828256, "Top 50% ownership": 94.0749888417, "Top 50% accounts": 712, "Date": "21 Mar 2022 10:29 UTC"}