{"Shift": 13006.0, "Total": 34010851, "Accounts": 805, "Max balance": 1234702, "Richest": "0fbd274ac9b151ce9e204fc607677e5ff65c2cec4c38b8da3d2797105af105fb", "Top 5% wealth": 16286723, "Top 5% ownership": 47.8868435253, "Top 5% accounts": 40, "Top 10% wealth": 24756145, "Top 10% ownership": 72.7889607937, "Top 10% accounts": 81, "Top 25% wealth": 30339568, "Top 25% ownership": 89.2055538393, "Top 25% accounts": 201, "Top 50% wealth": 30765685, "Top 50% ownership": 90.4584392787, "Top 50% accounts": 403, "Date": "23 Apr 2021 10:16 UTC"}