{"Shift": 312.0, "Total": 46486654, "Accounts": 1418, "Max balance": 810030, "Richest": "67077b2397f99fb6c63185af25cdf49d43736b22b7ea5dd68089a04cd4dbf8cf", "Top 5% wealth": 27498388, "Top 5% ownership": 59.1532959116, "Top 5% accounts": 71, "Top 10% wealth": 37570856, "Top 10% ownership": 80.8207362053, "Top 10% accounts": 142, "Top 25% wealth": 43419037, "Top 25% ownership": 93.4010802326, "Top 25% accounts": 355, "Top 50% wealth": 43676284, "Top 50% ownership": 93.9544584129, "Top 50% accounts": 709, "Date": "07 Mar 2022 10:27 UTC"}