{"Shift": 0.0, "Total": 41955181, "Accounts": 1140, "Max balance": 820921, "Richest": "6e5ea8507e38be7250cde9b8ff1f7c8e39a1460de16b38e6f4d5562ae36b5c1a", "Top 5% wealth": 23623277, "Top 5% ownership": 56.3059828058, "Top 5% accounts": 57, "Top 10% wealth": 32562702, "Top 10% ownership": 77.6130652374, "Top 10% accounts": 114, "Top 25% wealth": 37685289, "Top 25% ownership": 89.8227301176, "Top 25% accounts": 285, "Top 50% wealth": 38041656, "Top 50% ownership": 90.6721293849, "Top 50% accounts": 570, "Date": "21 Oct 2021 10:28 UTC"}