{"Shift": 502.0, "Total": 12876009, "Accounts": 418, "Max balance": 311940, "Richest": "a2d73cf3b37a62276ade44a96860495510d0e7d7c468950d4e49ac8a62b3d31d", "Top 5% wealth": 4771272, "Top 5% ownership": 37.0555192995, "Top 5% accounts": 21, "Top 10% wealth": 8289857, "Top 10% ownership": 64.3821932712, "Top 10% accounts": 42, "Top 25% wealth": 12505346, "Top 25% ownership": 97.1212896791, "Top 25% accounts": 105, "Top 50% wealth": 12809285, "Top 50% ownership": 99.4817959509, "Top 50% accounts": 209, "Date": "05 Jan 2021 10:46 UTC"}