{"Shift": 100002.0, "Total": 8245337, "Accounts": 387, "Max balance": 253140, "Richest": "a2d73cf3b37a62276ade44a96860495510d0e7d7c468950d4e49ac8a62b3d31d", "Top 5% wealth": 3280853, "Top 5% ownership": 39.7904051708, "Top 5% accounts": 19, "Top 10% wealth": 5511740, "Top 10% ownership": 66.8467522916, "Top 10% accounts": 39, "Top 25% wealth": 8044750, "Top 25% ownership": 97.5672674143, "Top 25% accounts": 97, "Top 50% wealth": 8192402, "Top 50% ownership": 99.3580007706, "Top 50% accounts": 194, "Date": "17 Dec 2020 10:32 UTC"}