{"Shift": 1352544.0, "Total": 23439120, "Accounts": 509, "Max balance": 529300, "Richest": "02252d0bff25e51bdde628c89b48b0e270f4fa51c2dce45bf317d8801b1fdbea", "Top 5% wealth": 8453428, "Top 5% ownership": 36.0654666216, "Top 5% accounts": 25, "Top 10% wealth": 15395047, "Top 10% ownership": 65.6809939964, "Top 10% accounts": 51, "Top 25% wealth": 22435348, "Top 25% ownership": 95.7175354706, "Top 25% accounts": 127, "Top 50% wealth": 23347472, "Top 50% ownership": 99.6089955596, "Top 50% accounts": 255, "Date": "15 Feb 2021 10:29 UTC"}