{"Shift": 0.0, "Total": 22086576, "Accounts": 509, "Max balance": 490100, "Richest": "02252d0bff25e51bdde628c89b48b0e270f4fa51c2dce45bf317d8801b1fdbea", "Top 5% wealth": 7943828, "Top 5% ownership": 35.9667700417, "Top 5% accounts": 25, "Top 10% wealth": 14338895, "Top 10% ownership": 64.9213123845, "Top 10% accounts": 51, "Top 25% wealth": 21105512, "Top 25% ownership": 95.5580982765, "Top 25% accounts": 127, "Top 50% wealth": 21995899, "Top 50% ownership": 99.5894474544, "Top 50% accounts": 255, "Date": "14 Feb 2021 10:29 UTC"}