{"Shift": 0.0, "Total": 37178357, "Accounts": 936, "Max balance": 890397, "Richest": "5ad13fd8cc674da7a3ad35426e0fcfe3a3157a044ebda0f54b9b32ee873ea921", "Top 5% wealth": 19379667, "Top 5% ownership": 52.126206115, "Top 5% accounts": 47, "Top 10% wealth": 28382891, "Top 10% ownership": 76.3425102406, "Top 10% accounts": 94, "Top 25% wealth": 33983614, "Top 25% ownership": 91.4069817555, "Top 25% accounts": 234, "Top 50% wealth": 34408221, "Top 50% ownership": 92.5490628862, "Top 50% accounts": 468, "Date": "16 Jun 2021 10:30 UTC"}