{"Shift": 104.0, "Total": 35240391, "Accounts": 815, "Max balance": 1234702, "Richest": "0fbd274ac9b151ce9e204fc607677e5ff65c2cec4c38b8da3d2797105af105fb", "Top 5% wealth": 17503278, "Top 5% ownership": 49.6682287095, "Top 5% accounts": 41, "Top 10% wealth": 26100576, "Top 10% ownership": 74.064376868, "Top 10% accounts": 82, "Top 25% wealth": 31720398, "Top 25% ownership": 90.0114814277, "Top 25% accounts": 204, "Top 50% wealth": 32147090, "Top 50% ownership": 91.2222852465, "Top 50% accounts": 408, "Date": "01 May 2021 10:31 UTC"}