{"Shift": 0.0, "Total": 46366340, "Accounts": 1409, "Max balance": 810030, "Richest": "67077b2397f99fb6c63185af25cdf49d43736b22b7ea5dd68089a04cd4dbf8cf", "Top 5% wealth": 27275409, "Top 5% ownership": 58.825883173, "Top 5% accounts": 70, "Top 10% wealth": 37420567, "Top 10% ownership": 80.7063205765, "Top 10% accounts": 141, "Top 25% wealth": 43283700, "Top 25% ownership": 93.351556323, "Top 25% accounts": 352, "Top 50% wealth": 43556260, "Top 50% ownership": 93.9393965536, "Top 50% accounts": 705, "Date": "04 Mar 2022 10:28 UTC"}