{"Shift": 0.0, "Total": 44882303, "Accounts": 1301, "Max balance": 810029, "Richest": "67077b2397f99fb6c63185af25cdf49d43736b22b7ea5dd68089a04cd4dbf8cf", "Top 5% wealth": 25149642, "Top 5% ownership": 56.0346513413, "Top 5% accounts": 65, "Top 10% wealth": 35275460, "Top 10% ownership": 78.5954767072, "Top 10% accounts": 130, "Top 25% wealth": 41740484, "Top 25% ownership": 92.999871241, "Top 25% accounts": 325, "Top 50% wealth": 42137751, "Top 50% ownership": 93.8850018458, "Top 50% accounts": 651, "Date": "27 Jan 2022 10:26 UTC"}