{"Shift": 104.0, "Total": 32506715, "Accounts": 720, "Max balance": 1134698, "Richest": "0fbd274ac9b151ce9e204fc607677e5ff65c2cec4c38b8da3d2797105af105fb", "Top 5% wealth": 14673682, "Top 5% ownership": 45.1404640549, "Top 5% accounts": 36, "Top 10% wealth": 23239253, "Top 10% ownership": 71.4906227836, "Top 10% accounts": 72, "Top 25% wealth": 29102116, "Top 25% ownership": 89.5264747607, "Top 25% accounts": 180, "Top 50% wealth": 29375589, "Top 50% ownership": 90.3677563236, "Top 50% accounts": 360, "Date": "03 Apr 2021 10:16 UTC"}