{"Shift": 0.0, "Total": 14509487, "Accounts": 430, "Max balance": 371353, "Richest": "a2d73cf3b37a62276ade44a96860495510d0e7d7c468950d4e49ac8a62b3d31d", "Top 5% wealth": 5449495, "Top 5% ownership": 37.5581507465, "Top 5% accounts": 22, "Top 10% wealth": 9331552, "Top 10% ownership": 64.313452295, "Top 10% accounts": 43, "Top 25% wealth": 14123674, "Top 25% ownership": 97.3409604351, "Top 25% accounts": 108, "Top 50% wealth": 14439006, "Top 50% ownership": 99.5142419577, "Top 50% accounts": 215, "Date": "15 Jan 2021 11:07 UTC"}