{"Shift": 0.0, "Total": 46588638, "Accounts": 1424, "Max balance": 810030, "Richest": "67077b2397f99fb6c63185af25cdf49d43736b22b7ea5dd68089a04cd4dbf8cf", "Top 5% wealth": 27626756, "Top 5% ownership": 59.2993424706, "Top 5% accounts": 71, "Top 10% wealth": 37580917, "Top 10% ownership": 80.6654124553, "Top 10% accounts": 142, "Top 25% wealth": 43661819, "Top 25% ownership": 93.7177407934, "Top 25% accounts": 356, "Top 50% wealth": 43942606, "Top 50% ownership": 94.3204349524, "Top 50% accounts": 712, "Date": "11 Apr 2022 10:30 UTC"}