{"Shift": 2.0, "Total": 11274739, "Accounts": 414, "Max balance": 292340, "Richest": "a2d73cf3b37a62276ade44a96860495510d0e7d7c468950d4e49ac8a62b3d31d", "Top 5% wealth": 4359672, "Top 5% ownership": 38.6676090684, "Top 5% accounts": 21, "Top 10% wealth": 7328518, "Top 10% ownership": 64.9994469939, "Top 10% accounts": 41, "Top 25% wealth": 10937266, "Top 25% ownership": 97.0068220648, "Top 25% accounts": 104, "Top 50% wealth": 11208311, "Top 50% ownership": 99.4108244989, "Top 50% accounts": 207, "Date": "02 Jan 2021 10:42 UTC"}