{"Shift": 0.0, "Total": 32506507, "Accounts": 717, "Max balance": 1134698, "Richest": "0fbd274ac9b151ce9e204fc607677e5ff65c2cec4c38b8da3d2797105af105fb", "Top 5% wealth": 14740531, "Top 5% ownership": 45.3464009529, "Top 5% accounts": 36, "Top 10% wealth": 23278137, "Top 10% ownership": 71.6106993594, "Top 10% accounts": 72, "Top 25% wealth": 29053087, "Top 25% ownership": 89.376219352, "Top 25% accounts": 179, "Top 50% wealth": 29329911, "Top 50% ownership": 90.2278150033, "Top 50% accounts": 359, "Date": "30 Mar 2021 21:22 UTC"}