{"Shift": 0.0, "Total": 34076789, "Accounts": 807, "Max balance": 1234702, "Richest": "0fbd274ac9b151ce9e204fc607677e5ff65c2cec4c38b8da3d2797105af105fb", "Top 5% wealth": 16289273, "Top 5% ownership": 47.801666407, "Top 5% accounts": 40, "Top 10% wealth": 24788495, "Top 10% ownership": 72.7430480612, "Top 10% accounts": 81, "Top 25% wealth": 30397648, "Top 25% ownership": 89.2033812223, "Top 25% accounts": 202, "Top 50% wealth": 30831649, "Top 50% ownership": 90.4769783327, "Top 50% accounts": 404, "Date": "24 Apr 2021 12:49 UTC"}