{"Shift": 0.0, "Total": 37930776, "Accounts": 1004, "Max balance": 800000, "Richest": "e249c7ae7e2ece6a1c2f8b50989cdc94b3bb60174add3445f2166e80d2fcd797", "Top 5% wealth": 20087745, "Top 5% ownership": 52.9589613458, "Top 5% accounts": 50, "Top 10% wealth": 28581839, "Top 10% ownership": 75.352634494, "Top 10% accounts": 100, "Top 25% wealth": 34524305, "Top 25% ownership": 91.0192425275, "Top 25% accounts": 251, "Top 50% wealth": 35018258, "Top 50% ownership": 92.321491129, "Top 50% accounts": 502, "Date": "25 Jul 2021 10:27 UTC"}