{"Shift": 120002.0, "Total": 46486342, "Accounts": 1409, "Max balance": 810030, "Richest": "67077b2397f99fb6c63185af25cdf49d43736b22b7ea5dd68089a04cd4dbf8cf", "Top 5% wealth": 27275409, "Top 5% ownership": 58.6740273089, "Top 5% accounts": 70, "Top 10% wealth": 37489650, "Top 10% ownership": 80.6465907771, "Top 10% accounts": 141, "Top 25% wealth": 43403700, "Top 25% ownership": 93.3687146216, "Top 25% accounts": 352, "Top 50% wealth": 43676262, "Top 50% ownership": 93.9550416765, "Top 50% accounts": 705, "Date": "06 Mar 2022 10:26 UTC"}