{"Shift": 5002.0, "Total": 25209392, "Accounts": 550, "Max balance": 600000, "Richest": "e49d214572d379e0e7137a9b47c950dcd813ef2aa72f250cf6de442e482683c7", "Top 5% wealth": 9671076, "Top 5% ownership": 38.3629878896, "Top 5% accounts": 28, "Top 10% wealth": 16658734, "Top 10% ownership": 66.0814588468, "Top 10% accounts": 55, "Top 25% wealth": 24108652, "Top 25% ownership": 95.6336114731, "Top 25% accounts": 138, "Top 50% wealth": 25113279, "Top 50% ownership": 99.6187413009, "Top 50% accounts": 275, "Date": "24 Feb 2021 10:31 UTC"}