{"Shift": 0.0, "Total": 37280353, "Accounts": 975, "Max balance": 800000, "Richest": "e249c7ae7e2ece6a1c2f8b50989cdc94b3bb60174add3445f2166e80d2fcd797", "Top 5% wealth": 19505218, "Top 5% ownership": 52.3203683184, "Top 5% accounts": 49, "Top 10% wealth": 28042431, "Top 10% ownership": 75.2204009442, "Top 10% accounts": 98, "Top 25% wealth": 33875384, "Top 25% ownership": 90.8665859468, "Top 25% accounts": 244, "Top 50% wealth": 34394880, "Top 50% ownership": 92.2600706061, "Top 50% accounts": 488, "Date": "06 Jul 2021 10:27 UTC"}