{"Shift": 0.0, "Total": 37930776, "Accounts": 1004, "Max balance": 800000, "Richest": "e249c7ae7e2ece6a1c2f8b50989cdc94b3bb60174add3445f2166e80d2fcd797", "Top 5% wealth": 20143796, "Top 5% ownership": 53.106733171, "Top 5% accounts": 50, "Top 10% wealth": 28749364, "Top 10% ownership": 75.7942943218, "Top 10% accounts": 100, "Top 25% wealth": 34466708, "Top 25% ownership": 90.8673948564, "Top 25% accounts": 251, "Top 50% wealth": 34931654, "Top 50% ownership": 92.0931699367, "Top 50% accounts": 502, "Date": "27 Jul 2021 10:27 UTC"}