{"Shift": 0.0, "Total": 38569344, "Accounts": 1018, "Max balance": 815634, "Richest": "a2d73cf3b37a62276ade44a96860495510d0e7d7c468950d4e49ac8a62b3d31d", "Top 5% wealth": 21076247, "Top 5% ownership": 54.6450751146, "Top 5% accounts": 51, "Top 10% wealth": 29683478, "Top 10% ownership": 76.9613245172, "Top 10% accounts": 102, "Top 25% wealth": 35181858, "Top 25% ownership": 91.2171542249, "Top 25% accounts": 255, "Top 50% wealth": 35622919, "Top 50% ownership": 92.3607075091, "Top 50% accounts": 509, "Date": "18 Aug 2021 10:27 UTC"}