{"Shift": 34780.0, "Total": 38745858, "Accounts": 1023, "Max balance": 827634, "Richest": "a2d73cf3b37a62276ade44a96860495510d0e7d7c468950d4e49ac8a62b3d31d", "Top 5% wealth": 21050529, "Top 5% ownership": 54.3297531313, "Top 5% accounts": 51, "Top 10% wealth": 29734435, "Top 10% ownership": 76.742228808, "Top 10% accounts": 102, "Top 25% wealth": 35337884, "Top 25% ownership": 91.2042882106, "Top 25% accounts": 256, "Top 50% wealth": 35803177, "Top 50% ownership": 92.4051727026, "Top 50% accounts": 512, "Date": "25 Aug 2021 10:28 UTC"}