{"Shift": 0.0, "Total": 45958190, "Accounts": 1270, "Max balance": 1944417, "Richest": "6e5ea8507e38be7250cde9b8ff1f7c8e39a1460de16b38e6f4d5562ae36b5c1a", "Top 5% wealth": 26924878, "Top 5% ownership": 58.5855926876, "Top 5% accounts": 64, "Top 10% wealth": 36569092, "Top 10% ownership": 79.5703486147, "Top 10% accounts": 127, "Top 25% wealth": 42660862, "Top 25% ownership": 92.8253745415, "Top 25% accounts": 318, "Top 50% wealth": 43041721, "Top 50% ownership": 93.6540821125, "Top 50% accounts": 635, "Date": "05 Jan 2022 10:29 UTC"}