{"Shift": 0.0, "Total": 38745858, "Accounts": 1024, "Max balance": 827634, "Richest": "a2d73cf3b37a62276ade44a96860495510d0e7d7c468950d4e49ac8a62b3d31d", "Top 5% wealth": 20995084, "Top 5% ownership": 54.1866539644, "Top 5% accounts": 51, "Top 10% wealth": 29730490, "Top 10% ownership": 76.7320470746, "Top 10% accounts": 102, "Top 25% wealth": 35331316, "Top 25% ownership": 91.1873367213, "Top 25% accounts": 256, "Top 50% wealth": 35799456, "Top 50% ownership": 92.3955690954, "Top 50% accounts": 512, "Date": "26 Aug 2021 10:27 UTC"}