{"Shift": 2.0, "Total": 14515001, "Accounts": 430, "Max balance": 371353, "Richest": "a2d73cf3b37a62276ade44a96860495510d0e7d7c468950d4e49ac8a62b3d31d", "Top 5% wealth": 5447481, "Top 5% ownership": 37.5300077485, "Top 5% accounts": 22, "Top 10% wealth": 9324945, "Top 10% ownership": 64.2435022912, "Top 10% accounts": 43, "Top 25% wealth": 14110662, "Top 25% ownership": 97.2143370848, "Top 25% accounts": 108, "Top 50% wealth": 14443492, "Top 50% ownership": 99.5073441607, "Top 50% accounts": 215, "Date": "17 Jan 2021 11:02 UTC"}