{"Shift": 8008.0, "Total": 24359362, "Accounts": 524, "Max balance": 529300, "Richest": "02252d0bff25e51bdde628c89b48b0e270f4fa51c2dce45bf317d8801b1fdbea", "Top 5% wealth": 8747222, "Top 5% ownership": 35.9090767648, "Top 5% accounts": 26, "Top 10% wealth": 15576737, "Top 10% ownership": 63.9455869164, "Top 10% accounts": 52, "Top 25% wealth": 23190919, "Top 25% ownership": 95.203310333, "Top 25% accounts": 131, "Top 50% wealth": 24262858, "Top 50% ownership": 99.6038319887, "Top 50% accounts": 262, "Date": "17 Feb 2021 10:29 UTC"}