{"Shift": 68347.0, "Total": 37558366, "Accounts": 995, "Max balance": 800000, "Richest": "e249c7ae7e2ece6a1c2f8b50989cdc94b3bb60174add3445f2166e80d2fcd797", "Top 5% wealth": 19922419, "Top 5% ownership": 53.0438917391, "Top 5% accounts": 50, "Top 10% wealth": 28407201, "Top 10% ownership": 75.6348159555, "Top 10% accounts": 100, "Top 25% wealth": 34184629, "Top 25% ownership": 91.0173488378, "Top 25% accounts": 249, "Top 50% wealth": 34673642, "Top 50% ownership": 92.3193570242, "Top 50% accounts": 498, "Date": "14 Jul 2021 10:27 UTC"}