{"Shift": 0.0, "Total": 46588638, "Accounts": 1423, "Max balance": 810030, "Richest": "67077b2397f99fb6c63185af25cdf49d43736b22b7ea5dd68089a04cd4dbf8cf", "Top 5% wealth": 27522511, "Top 5% ownership": 59.0755861976, "Top 5% accounts": 71, "Top 10% wealth": 37557055, "Top 10% ownership": 80.6141939586, "Top 10% accounts": 142, "Top 25% wealth": 43558450, "Top 25% ownership": 93.4958648072, "Top 25% accounts": 356, "Top 50% wealth": 43828325, "Top 50% ownership": 94.0751369465, "Top 50% accounts": 712, "Date": "26 Mar 2022 10:27 UTC"}