{"Shift": 5002.0, "Total": 9673199, "Accounts": 398, "Max balance": 272740, "Richest": "a2d73cf3b37a62276ade44a96860495510d0e7d7c468950d4e49ac8a62b3d31d", "Top 5% wealth": 3806644, "Top 5% ownership": 39.3524830824, "Top 5% accounts": 20, "Top 10% wealth": 6390595, "Top 10% ownership": 66.0649594824, "Top 10% accounts": 40, "Top 25% wealth": 9438252, "Top 25% ownership": 97.571155106, "Top 25% accounts": 100, "Top 50% wealth": 9616992, "Top 50% ownership": 99.4189409315, "Top 50% accounts": 199, "Date": "25 Dec 2020 10:37 UTC"}