{"Shift": 52.0, "Total": 41955233, "Accounts": 1148, "Max balance": 820921, "Richest": "6e5ea8507e38be7250cde9b8ff1f7c8e39a1460de16b38e6f4d5562ae36b5c1a", "Top 5% wealth": 23432607, "Top 5% ownership": 55.8514524279, "Top 5% accounts": 57, "Top 10% wealth": 32604971, "Top 10% ownership": 77.7137169039, "Top 10% accounts": 115, "Top 25% wealth": 37703726, "Top 25% ownership": 89.8665632485, "Top 25% accounts": 287, "Top 50% wealth": 38064047, "Top 50% ownership": 90.7253857939, "Top 50% accounts": 574, "Date": "25 Oct 2021 10:28 UTC"}