{"Shift": 0.0, "Total": 37142169, "Accounts": 962, "Max balance": 800000, "Richest": "e249c7ae7e2ece6a1c2f8b50989cdc94b3bb60174add3445f2166e80d2fcd797", "Top 5% wealth": 19241289, "Top 5% ownership": 51.8044301613, "Top 5% accounts": 48, "Top 10% wealth": 27958290, "Top 10% ownership": 75.2737138211, "Top 10% accounts": 96, "Top 25% wealth": 33939741, "Top 25% ownership": 91.3779187209, "Top 25% accounts": 241, "Top 50% wealth": 34457743, "Top 50% ownership": 92.7725653286, "Top 50% accounts": 481, "Date": "01 Jul 2021 10:27 UTC"}