{"Shift": 0.0, "Total": 44358181, "Accounts": 1271, "Max balance": 810029, "Richest": "67077b2397f99fb6c63185af25cdf49d43736b22b7ea5dd68089a04cd4dbf8cf", "Top 5% wealth": 25103680, "Top 5% ownership": 56.593123149, "Top 5% accounts": 64, "Top 10% wealth": 34893752, "Top 10% ownership": 78.6636223879, "Top 10% accounts": 127, "Top 25% wealth": 41189434, "Top 25% ownership": 92.8564541454, "Top 25% accounts": 318, "Top 50% wealth": 41605174, "Top 50% ownership": 93.7936882488, "Top 50% accounts": 636, "Date": "14 Jan 2022 10:29 UTC"}