{"Shift": 0.0, "Total": 43957824, "Accounts": 1246, "Max balance": 810029, "Richest": "67077b2397f99fb6c63185af25cdf49d43736b22b7ea5dd68089a04cd4dbf8cf", "Top 5% wealth": 25117208, "Top 5% ownership": 57.1393342855, "Top 5% accounts": 62, "Top 10% wealth": 34857352, "Top 10% ownership": 79.297264578, "Top 10% accounts": 125, "Top 25% wealth": 40713741, "Top 25% ownership": 92.6200100351, "Top 25% accounts": 312, "Top 50% wealth": 41067480, "Top 50% ownership": 93.424733672, "Top 50% accounts": 623, "Date": "11 Dec 2021 10:27 UTC"}