{"Shift": 364.0, "Total": 43957460, "Accounts": 1236, "Max balance": 1617841, "Richest": "6e5ea8507e38be7250cde9b8ff1f7c8e39a1460de16b38e6f4d5562ae36b5c1a", "Top 5% wealth": 26077444, "Top 5% ownership": 59.3242739685, "Top 5% accounts": 62, "Top 10% wealth": 35696244, "Top 10% ownership": 81.2063390378, "Top 10% accounts": 124, "Top 25% wealth": 40692572, "Top 25% ownership": 92.5726190731, "Top 25% accounts": 309, "Top 50% wealth": 41000615, "Top 50% ownership": 93.2733943226, "Top 50% accounts": 618, "Date": "28 Nov 2021 10:27 UTC"}