{"Shift": 416.0, "Total": 41955647, "Accounts": 1157, "Max balance": 793279, "Richest": "67077b2397f99fb6c63185af25cdf49d43736b22b7ea5dd68089a04cd4dbf8cf", "Top 5% wealth": 23423212, "Top 5% ownership": 55.8285086153, "Top 5% accounts": 58, "Top 10% wealth": 32483020, "Top 10% ownership": 77.4222835844, "Top 10% accounts": 116, "Top 25% wealth": 37690191, "Top 25% ownership": 89.8334162264, "Top 25% accounts": 289, "Top 50% wealth": 38069229, "Top 50% ownership": 90.7368416938, "Top 50% accounts": 579, "Date": "01 Nov 2021 10:28 UTC"}