{"Shift": 0.0, "Total": 43957824, "Accounts": 1246, "Max balance": 810029, "Richest": "67077b2397f99fb6c63185af25cdf49d43736b22b7ea5dd68089a04cd4dbf8cf", "Top 5% wealth": 25215204, "Top 5% ownership": 57.3622661577, "Top 5% accounts": 62, "Top 10% wealth": 34831304, "Top 10% ownership": 79.2380077776, "Top 10% accounts": 125, "Top 25% wealth": 40704113, "Top 25% ownership": 92.598107222, "Top 25% accounts": 312, "Top 50% wealth": 41057722, "Top 50% ownership": 93.4025351209, "Top 50% accounts": 623, "Date": "16 Dec 2021 10:27 UTC"}