{"Shift": 23004.0, "Total": 44905359, "Accounts": 1302, "Max balance": 810029, "Richest": "67077b2397f99fb6c63185af25cdf49d43736b22b7ea5dd68089a04cd4dbf8cf", "Top 5% wealth": 25267099, "Top 5% ownership": 56.2674468319, "Top 5% accounts": 65, "Top 10% wealth": 35289183, "Top 10% ownership": 78.5856828358, "Top 10% accounts": 130, "Top 25% wealth": 41776319, "Top 25% ownership": 93.0319229827, "Top 25% accounts": 326, "Top 50% wealth": 42160760, "Top 50% ownership": 93.8880368377, "Top 50% accounts": 651, "Date": "30 Jan 2022 10:24 UTC"}