{"Shift": -1.0, "Total": 39954821, "Accounts": 1117, "Max balance": 742820, "Richest": "0dc3388ddeb691506362c346509f4f68abd4d6f721b52c1199ff4eb8abcd887c", "Top 5% wealth": 22106162, "Top 5% ownership": 55.3278964759, "Top 5% accounts": 56, "Top 10% wealth": 30681318, "Top 10% ownership": 76.7900274162, "Top 10% accounts": 112, "Top 25% wealth": 35747745, "Top 25% ownership": 89.4704170994, "Top 25% accounts": 279, "Top 50% wealth": 36081603, "Top 50% ownership": 90.306005876, "Top 50% accounts": 559, "Date": "07 Oct 2021 10:27 UTC"}