{"Shift": 156.0, "Total": 39954822, "Accounts": 1116, "Max balance": 742820, "Richest": "0dc3388ddeb691506362c346509f4f68abd4d6f721b52c1199ff4eb8abcd887c", "Top 5% wealth": 22106162, "Top 5% ownership": 55.3278950911, "Top 5% accounts": 56, "Top 10% wealth": 30681318, "Top 10% ownership": 76.7900254943, "Top 10% accounts": 112, "Top 25% wealth": 35744368, "Top 25% ownership": 89.4619628139, "Top 25% accounts": 279, "Top 50% wealth": 36071790, "Top 50% ownership": 90.2814433762, "Top 50% accounts": 558, "Date": "06 Oct 2021 10:27 UTC"}