{"Shift": 1215326.0, "Total": 11248721, "Accounts": 411, "Max balance": 292340, "Richest": "a2d73cf3b37a62276ade44a96860495510d0e7d7c468950d4e49ac8a62b3d31d", "Top 5% wealth": 4345940, "Top 5% ownership": 38.6349701446, "Top 5% accounts": 21, "Top 10% wealth": 7308291, "Top 10% ownership": 64.9699730307, "Top 10% accounts": 41, "Top 25% wealth": 10903398, "Top 25% ownership": 96.9301132102, "Top 25% accounts": 103, "Top 50% wealth": 11183938, "Top 50% ownership": 99.424085636, "Top 50% accounts": 206, "Date": "29 Dec 2020 10:41 UTC"}