{"Shift": -2.0, "Total": 36187813, "Accounts": 908, "Max balance": 1000000, "Richest": "0fbd274ac9b151ce9e204fc607677e5ff65c2cec4c38b8da3d2797105af105fb", "Top 5% wealth": 18427638, "Top 5% ownership": 50.9222206935, "Top 5% accounts": 45, "Top 10% wealth": 27363984, "Top 10% ownership": 75.6165729054, "Top 10% accounts": 91, "Top 25% wealth": 32981132, "Top 25% ownership": 91.1387819982, "Top 25% accounts": 227, "Top 50% wealth": 33391318, "Top 50% ownership": 92.272274094, "Top 50% accounts": 454, "Date": "12 Jun 2021 10:29 UTC"}