{"Shift": 25002.0, "Total": 44767863, "Accounts": 1285, "Max balance": 810029, "Richest": "67077b2397f99fb6c63185af25cdf49d43736b22b7ea5dd68089a04cd4dbf8cf", "Top 5% wealth": 24978875, "Top 5% ownership": 55.7964426401, "Top 5% accounts": 64, "Top 10% wealth": 35239986, "Top 10% ownership": 78.7171502915, "Top 10% accounts": 129, "Top 25% wealth": 41599970, "Top 25% ownership": 92.9237341528, "Top 25% accounts": 321, "Top 50% wealth": 42025844, "Top 50% ownership": 93.8750281647, "Top 50% accounts": 643, "Date": "19 Jan 2022 10:26 UTC"}