{"Shift": 11.0, "Total": 17908723, "Accounts": 456, "Max balance": 411700, "Richest": "02252d0bff25e51bdde628c89b48b0e270f4fa51c2dce45bf317d8801b1fdbea", "Top 5% wealth": 6561376, "Top 5% ownership": 36.6378775304, "Top 5% accounts": 23, "Top 10% wealth": 11583648, "Top 10% ownership": 64.6815967839, "Top 10% accounts": 46, "Top 25% wealth": 17314938, "Top 25% ownership": 96.6843811253, "Top 25% accounts": 114, "Top 50% wealth": 17829359, "Top 50% ownership": 99.5568416576, "Top 50% accounts": 228, "Date": "27 Jan 2021 10:35 UTC"}