{"Shift": -17200.0, "Total": 36153803, "Accounts": 903, "Max balance": 1000000, "Richest": "0fbd274ac9b151ce9e204fc607677e5ff65c2cec4c38b8da3d2797105af105fb", "Top 5% wealth": 18139483, "Top 5% ownership": 50.1730979726, "Top 5% accounts": 45, "Top 10% wealth": 27145632, "Top 10% ownership": 75.0837526, "Top 10% accounts": 90, "Top 25% wealth": 32924288, "Top 25% ownership": 91.0672882739, "Top 25% accounts": 226, "Top 50% wealth": 33309246, "Top 50% ownership": 92.1320669917, "Top 50% accounts": 452, "Date": "09 Jun 2021 10:33 UTC"}