{"Shift": 5.0, "Total": 16218282, "Accounts": 442, "Max balance": 390953, "Richest": "a2d73cf3b37a62276ade44a96860495510d0e7d7c468950d4e49ac8a62b3d31d", "Top 5% wealth": 5898026, "Top 5% ownership": 36.3665276014, "Top 5% accounts": 22, "Top 10% wealth": 10345888, "Top 10% ownership": 63.7915162654, "Top 10% accounts": 44, "Top 25% wealth": 15709852, "Top 25% ownership": 96.865081024, "Top 25% accounts": 111, "Top 50% wealth": 16142595, "Top 50% ownership": 99.53332295, "Top 50% accounts": 221, "Date": "19 Jan 2021 11:07 UTC"}