{"Shift": 3.0, "Total": 20165576, "Accounts": 488, "Max balance": 450900, "Richest": "02252d0bff25e51bdde628c89b48b0e270f4fa51c2dce45bf317d8801b1fdbea", "Top 5% wealth": 7172686, "Top 5% ownership": 35.56896168, "Top 5% accounts": 24, "Top 10% wealth": 12963691, "Top 10% ownership": 64.2862420592, "Top 10% accounts": 49, "Top 25% wealth": 19376029, "Top 25% ownership": 96.0846791582, "Top 25% accounts": 122, "Top 50% wealth": 20078703, "Top 50% ownership": 99.5692014947, "Top 50% accounts": 244, "Date": "07 Feb 2021 10:28 UTC"}