{"Shift": 0.0, "Total": 38145832, "Accounts": 1012, "Max balance": 800000, "Richest": "e249c7ae7e2ece6a1c2f8b50989cdc94b3bb60174add3445f2166e80d2fcd797", "Top 5% wealth": 20830904, "Top 5% ownership": 54.6085978673, "Top 5% accounts": 51, "Top 10% wealth": 29220436, "Top 10% ownership": 76.601910269, "Top 10% accounts": 101, "Top 25% wealth": 34719765, "Top 25% ownership": 91.0185023622, "Top 25% accounts": 253, "Top 50% wealth": 35155070, "Top 50% ownership": 92.1596624239, "Top 50% accounts": 506, "Date": "06 Aug 2021 10:27 UTC"}