{"Shift": 51.0, "Total": 39954872, "Accounts": 1118, "Max balance": 742820, "Richest": "0dc3388ddeb691506362c346509f4f68abd4d6f721b52c1199ff4eb8abcd887c", "Top 5% wealth": 22106162, "Top 5% ownership": 55.3278258531, "Top 5% accounts": 56, "Top 10% wealth": 30681318, "Top 10% ownership": 76.7899293983, "Top 10% accounts": 112, "Top 25% wealth": 35754160, "Top 25% ownership": 89.4863585097, "Top 25% accounts": 280, "Top 50% wealth": 36082163, "Top 50% ownership": 90.307292187, "Top 50% accounts": 559, "Date": "08 Oct 2021 10:27 UTC"}