{"Shift": 912234.0, "Total": 24351354, "Accounts": 520, "Max balance": 529300, "Richest": "02252d0bff25e51bdde628c89b48b0e270f4fa51c2dce45bf317d8801b1fdbea", "Top 5% wealth": 8741222, "Top 5% ownership": 35.8962462621, "Top 5% accounts": 26, "Top 10% wealth": 15557253, "Top 10% ownership": 63.886603595, "Top 10% accounts": 52, "Top 25% wealth": 23129486, "Top 25% ownership": 94.9823406124, "Top 25% accounts": 130, "Top 50% wealth": 24254930, "Top 50% ownership": 99.6040302317, "Top 50% accounts": 260, "Date": "16 Feb 2021 10:29 UTC"}