{"Shift": 0.0, "Total": 38254204, "Accounts": 1014, "Max balance": 800000, "Richest": "e249c7ae7e2ece6a1c2f8b50989cdc94b3bb60174add3445f2166e80d2fcd797", "Top 5% wealth": 20847755, "Top 5% ownership": 54.4979448533, "Top 5% accounts": 51, "Top 10% wealth": 29294756, "Top 10% ownership": 76.579180683, "Top 10% accounts": 101, "Top 25% wealth": 34830496, "Top 25% ownership": 91.0501130804, "Top 25% accounts": 254, "Top 50% wealth": 35268340, "Top 50% ownership": 92.1946774791, "Top 50% accounts": 507, "Date": "10 Aug 2021 10:27 UTC"}