{"Shift": 2.0, "Total": 12882519, "Accounts": 420, "Max balance": 311940, "Richest": "a2d73cf3b37a62276ade44a96860495510d0e7d7c468950d4e49ac8a62b3d31d", "Top 5% wealth": 4771272, "Top 5% ownership": 37.0367938134, "Top 5% accounts": 21, "Top 10% wealth": 8290953, "Top 10% ownership": 64.3581662872, "Top 10% accounts": 42, "Top 25% wealth": 12504500, "Top 25% ownership": 97.0656437611, "Top 25% accounts": 105, "Top 50% wealth": 12814739, "Top 50% ownership": 99.4738606634, "Top 50% accounts": 210, "Date": "10 Jan 2021 10:50 UTC"}