{"Shift": 0.0, "Total": 45146479, "Accounts": 1311, "Max balance": 810029, "Richest": "67077b2397f99fb6c63185af25cdf49d43736b22b7ea5dd68089a04cd4dbf8cf", "Top 5% wealth": 25677941, "Top 5% ownership": 56.876951578, "Top 5% accounts": 66, "Top 10% wealth": 35554243, "Top 10% ownership": 78.7530806112, "Top 10% accounts": 131, "Top 25% wealth": 41981170, "Top 25% ownership": 92.9888020725, "Top 25% accounts": 328, "Top 50% wealth": 42358799, "Top 50% ownership": 93.8252548997, "Top 50% accounts": 656, "Date": "04 Feb 2022 10:22 UTC"}