{"Shift": 50004.0, "Total": 24409366, "Accounts": 532, "Max balance": 529300, "Richest": "02252d0bff25e51bdde628c89b48b0e270f4fa51c2dce45bf317d8801b1fdbea", "Top 5% wealth": 9022132, "Top 5% ownership": 36.9617629561, "Top 5% accounts": 27, "Top 10% wealth": 15759470, "Top 10% ownership": 64.5632090567, "Top 10% accounts": 53, "Top 25% wealth": 23248043, "Top 25% ownership": 95.2423057608, "Top 25% accounts": 133, "Top 50% wealth": 24314756, "Top 50% ownership": 99.6124028785, "Top 50% accounts": 266, "Date": "18 Feb 2021 10:39 UTC"}