{"Shift": 0.0, "Total": 24409366, "Accounts": 536, "Max balance": 529300, "Richest": "02252d0bff25e51bdde628c89b48b0e270f4fa51c2dce45bf317d8801b1fdbea", "Top 5% wealth": 9109626, "Top 5% ownership": 37.3202073335, "Top 5% accounts": 27, "Top 10% wealth": 16102808, "Top 10% ownership": 65.9697920872, "Top 10% accounts": 54, "Top 25% wealth": 23325575, "Top 25% ownership": 95.5599379353, "Top 25% accounts": 134, "Top 50% wealth": 24315483, "Top 50% ownership": 99.6153812434, "Top 50% accounts": 268, "Date": "20 Feb 2021 10:30 UTC"}