{"Shift": 798634.0, "Total": 33305453, "Accounts": 723, "Max balance": 1134698, "Richest": "0fbd274ac9b151ce9e204fc607677e5ff65c2cec4c38b8da3d2797105af105fb", "Top 5% wealth": 14962521, "Top 5% ownership": 44.9251388354, "Top 5% accounts": 36, "Top 10% wealth": 23585930, "Top 10% ownership": 70.8170220654, "Top 10% accounts": 72, "Top 25% wealth": 29978402, "Top 25% ownership": 90.0104916753, "Top 25% accounts": 181, "Top 50% wealth": 30311388, "Top 50% ownership": 91.0102859132, "Top 50% accounts": 362, "Date": "06 Apr 2021 10:16 UTC"}