{"Shift": 0.0, "Total": 37162169, "Accounts": 953, "Max balance": 800000, "Richest": "e249c7ae7e2ece6a1c2f8b50989cdc94b3bb60174add3445f2166e80d2fcd797", "Top 5% wealth": 19317215, "Top 5% ownership": 51.9808598901, "Top 5% accounts": 48, "Top 10% wealth": 27988394, "Top 10% ownership": 75.3142099967, "Top 10% accounts": 95, "Top 25% wealth": 33965807, "Top 25% ownership": 91.398882019, "Top 25% accounts": 238, "Top 50% wealth": 34470784, "Top 50% ownership": 92.7577289689, "Top 50% accounts": 477, "Date": "26 Jun 2021 10:27 UTC"}