{"Shift": 588062.0, "Total": 19926425, "Accounts": 472, "Max balance": 450900, "Richest": "02252d0bff25e51bdde628c89b48b0e270f4fa51c2dce45bf317d8801b1fdbea", "Top 5% wealth": 7169847, "Top 5% ownership": 35.9816023195, "Top 5% accounts": 24, "Top 10% wealth": 12575014, "Top 10% ownership": 63.1072257066, "Top 10% accounts": 47, "Top 25% wealth": 19240764, "Top 25% ownership": 96.5590365557, "Top 25% accounts": 118, "Top 50% wealth": 19844060, "Top 50% ownership": 99.5866544049, "Top 50% accounts": 236, "Date": "02 Feb 2021 10:36 UTC"}