{"Shift": 0.0, "Total": 44358181, "Accounts": 1269, "Max balance": 810029, "Richest": "67077b2397f99fb6c63185af25cdf49d43736b22b7ea5dd68089a04cd4dbf8cf", "Top 5% wealth": 24854674, "Top 5% ownership": 56.0317701035, "Top 5% accounts": 63, "Top 10% wealth": 34893498, "Top 10% ownership": 78.6630497765, "Top 10% accounts": 127, "Top 25% wealth": 41177779, "Top 25% ownership": 92.830179398, "Top 25% accounts": 317, "Top 50% wealth": 41604864, "Top 50% ownership": 93.7929893924, "Top 50% accounts": 635, "Date": "13 Jan 2022 10:29 UTC"}