{"Shift": 20006.0, "Total": 45489732, "Accounts": 1377, "Max balance": 810030, "Richest": "67077b2397f99fb6c63185af25cdf49d43736b22b7ea5dd68089a04cd4dbf8cf", "Top 5% wealth": 26351568, "Top 5% ownership": 57.9286068337, "Top 5% accounts": 69, "Top 10% wealth": 36266318, "Top 10% ownership": 79.7241847897, "Top 10% accounts": 138, "Top 25% wealth": 42343373, "Top 25% ownership": 93.0833643953, "Top 25% accounts": 344, "Top 50% wealth": 42663082, "Top 50% ownership": 93.7861801428, "Top 50% accounts": 689, "Date": "16 Feb 2022 10:27 UTC"}