{"Shift": 5512.0, "Total": 14514999, "Accounts": 431, "Max balance": 371353, "Richest": "a2d73cf3b37a62276ade44a96860495510d0e7d7c468950d4e49ac8a62b3d31d", "Top 5% wealth": 5449495, "Top 5% ownership": 37.5438882221, "Top 5% accounts": 22, "Top 10% wealth": 9329355, "Top 10% ownership": 64.2738935084, "Top 10% accounts": 43, "Top 25% wealth": 14113172, "Top 25% ownership": 97.2316429371, "Top 25% accounts": 108, "Top 50% wealth": 14444505, "Top 50% ownership": 99.5143368594, "Top 50% accounts": 216, "Date": "16 Jan 2021 11:03 UTC"}