{"Shift": 156.0, "Total": 37280353, "Accounts": 973, "Max balance": 800000, "Richest": "e249c7ae7e2ece6a1c2f8b50989cdc94b3bb60174add3445f2166e80d2fcd797", "Top 5% wealth": 19505218, "Top 5% ownership": 52.3203683184, "Top 5% accounts": 49, "Top 10% wealth": 27942431, "Top 10% ownership": 74.9521631407, "Top 10% accounts": 97, "Top 25% wealth": 33868192, "Top 25% ownership": 90.8472942839, "Top 25% accounts": 243, "Top 50% wealth": 34397788, "Top 50% ownership": 92.2678709614, "Top 50% accounts": 487, "Date": "05 Jul 2021 10:27 UTC"}