{"Shift": 0.0, "Total": 36205819, "Accounts": 871, "Max balance": 1000191, "Richest": "5ad13fd8cc674da7a3ad35426e0fcfe3a3157a044ebda0f54b9b32ee873ea921", "Top 5% wealth": 18043348, "Top 5% ownership": 49.8354919136, "Top 5% accounts": 44, "Top 10% wealth": 26586575, "Top 10% ownership": 73.4317734948, "Top 10% accounts": 87, "Top 25% wealth": 31968138, "Top 25% ownership": 88.295580332, "Top 25% accounts": 218, "Top 50% wealth": 32345494, "Top 50% ownership": 89.3378326837, "Top 50% accounts": 436, "Date": "25 May 2021 10:42 UTC"}