{"Shift": 0.0, "Total": 6938256, "Accounts": 374, "Max balance": 233542, "Richest": "a2d73cf3b37a62276ade44a96860495510d0e7d7c468950d4e49ac8a62b3d31d", "Top 5% wealth": 2911526, "Top 5% ownership": 41.9633694692, "Top 5% accounts": 19, "Top 10% wealth": 4593792, "Top 10% ownership": 66.209606564, "Top 10% accounts": 37, "Top 25% wealth": 6742524, "Top 25% ownership": 97.1789452566, "Top 25% accounts": 94, "Top 50% wealth": 6883438, "Top 50% ownership": 99.2099167284, "Top 50% accounts": 187, "Date": "12 Dec 2020 10:29 UTC"}