{"Shift": 192806.0, "Total": 37894844, "Accounts": 1004, "Max balance": 800000, "Richest": "e249c7ae7e2ece6a1c2f8b50989cdc94b3bb60174add3445f2166e80d2fcd797", "Top 5% wealth": 20079745, "Top 5% ownership": 52.9880661337, "Top 5% accounts": 50, "Top 10% wealth": 28560691, "Top 10% ownership": 75.3682770141, "Top 10% accounts": 100, "Top 25% wealth": 34505410, "Top 25% ownership": 91.0556855703, "Top 25% accounts": 251, "Top 50% wealth": 34994828, "Top 50% ownership": 92.3472016404, "Top 50% accounts": 502, "Date": "23 Jul 2021 10:27 UTC"}