{"Shift": 500106.0, "Total": 39954139, "Accounts": 1101, "Max balance": 742820, "Richest": "0dc3388ddeb691506362c346509f4f68abd4d6f721b52c1199ff4eb8abcd887c", "Top 5% wealth": 21913412, "Top 5% ownership": 54.8464127834, "Top 5% accounts": 55, "Top 10% wealth": 30508056, "Top 10% ownership": 76.3576859959, "Top 10% accounts": 110, "Top 25% wealth": 35538382, "Top 25% ownership": 88.9479360324, "Top 25% accounts": 275, "Top 50% wealth": 35872480, "Top 50% ownership": 89.7841397608, "Top 50% accounts": 551, "Date": "30 Sep 2021 10:27 UTC"}