{"Shift": 0.0, "Total": 24409366, "Accounts": 533, "Max balance": 529300, "Richest": "02252d0bff25e51bdde628c89b48b0e270f4fa51c2dce45bf317d8801b1fdbea", "Top 5% wealth": 9109626, "Top 5% ownership": 37.3202073335, "Top 5% accounts": 27, "Top 10% wealth": 15883466, "Top 10% ownership": 65.0711943932, "Top 10% accounts": 53, "Top 25% wealth": 23308729, "Top 25% ownership": 95.4909234431, "Top 25% accounts": 133, "Top 50% wealth": 24316600, "Top 50% ownership": 99.6199573557, "Top 50% accounts": 267, "Date": "19 Feb 2021 10:30 UTC"}