{"Shift": 0.0, "Total": 39092470, "Accounts": 1038, "Max balance": 742820, "Richest": "0dc3388ddeb691506362c346509f4f68abd4d6f721b52c1199ff4eb8abcd887c", "Top 5% wealth": 20723288, "Top 5% ownership": 53.0109455862, "Top 5% accounts": 52, "Top 10% wealth": 29389431, "Top 10% ownership": 75.1792634234, "Top 10% accounts": 104, "Top 25% wealth": 34780563, "Top 25% ownership": 88.9699806638, "Top 25% accounts": 260, "Top 50% wealth": 35209543, "Top 50% ownership": 90.0673275442, "Top 50% accounts": 519, "Date": "11 Sep 2021 10:26 UTC"}