{"Shift": 0.0, "Total": 43957100, "Accounts": 1214, "Max balance": 1627842, "Richest": "6e5ea8507e38be7250cde9b8ff1f7c8e39a1460de16b38e6f4d5562ae36b5c1a", "Top 5% wealth": 25970425, "Top 5% ownership": 59.0812974468, "Top 5% accounts": 61, "Top 10% wealth": 35590576, "Top 10% ownership": 80.9666151771, "Top 10% accounts": 121, "Top 25% wealth": 40727657, "Top 25% ownership": 92.653193682, "Top 25% accounts": 304, "Top 50% wealth": 41072017, "Top 50% ownership": 93.4365938608, "Top 50% accounts": 607, "Date": "20 Nov 2021 10:27 UTC"}