{"Shift": 0.0, "Total": 41954874, "Accounts": 1122, "Max balance": 1295986, "Richest": "6e5ea8507e38be7250cde9b8ff1f7c8e39a1460de16b38e6f4d5562ae36b5c1a", "Top 5% wealth": 23597117, "Top 5% ownership": 56.2440421106, "Top 5% accounts": 56, "Top 10% wealth": 32575504, "Top 10% ownership": 77.6441468994, "Top 10% accounts": 112, "Top 25% wealth": 37746310, "Top 25% ownership": 89.96883175, "Top 25% accounts": 281, "Top 50% wealth": 38080883, "Top 50% ownership": 90.7662909439, "Top 50% accounts": 561, "Date": "14 Oct 2021 10:27 UTC"}