{"Shift": 0.0, "Total": 46366340, "Accounts": 1392, "Max balance": 810030, "Richest": "67077b2397f99fb6c63185af25cdf49d43736b22b7ea5dd68089a04cd4dbf8cf", "Top 5% wealth": 27291913, "Top 5% ownership": 58.8614779601, "Top 5% accounts": 70, "Top 10% wealth": 37143865, "Top 10% ownership": 80.1095471413, "Top 10% accounts": 139, "Top 25% wealth": 43256069, "Top 25% ownership": 93.2919635235, "Top 25% accounts": 348, "Top 50% wealth": 43563263, "Top 50% ownership": 93.9545001827, "Top 50% accounts": 696, "Date": "26 Feb 2022 10:26 UTC"}