{"Shift": 0.0, "Total": 37930776, "Accounts": 1003, "Max balance": 800000, "Richest": "e249c7ae7e2ece6a1c2f8b50989cdc94b3bb60174add3445f2166e80d2fcd797", "Top 5% wealth": 20128798, "Top 5% ownership": 53.0671927197, "Top 5% accounts": 50, "Top 10% wealth": 28744339, "Top 10% ownership": 75.7810465043, "Top 10% accounts": 100, "Top 25% wealth": 34557127, "Top 25% ownership": 91.1057738444, "Top 25% accounts": 251, "Top 50% wealth": 35031654, "Top 50% ownership": 92.3568080969, "Top 50% accounts": 502, "Date": "26 Jul 2021 10:44 UTC"}