{"Shift": 0.0, "Total": 43957824, "Accounts": 1245, "Max balance": 810029, "Richest": "67077b2397f99fb6c63185af25cdf49d43736b22b7ea5dd68089a04cd4dbf8cf", "Top 5% wealth": 25433080, "Top 5% ownership": 57.8579139859, "Top 5% accounts": 62, "Top 10% wealth": 35553905, "Top 10% ownership": 80.8818584833, "Top 10% accounts": 125, "Top 25% wealth": 41027354, "Top 25% ownership": 93.3334507186, "Top 25% accounts": 311, "Top 50% wealth": 41379546, "Top 50% ownership": 94.134655073, "Top 50% accounts": 623, "Date": "07 Dec 2021 10:30 UTC"}