{"Shift": 445929.0, "Total": 33772417, "Accounts": 787, "Max balance": 1134702, "Richest": "0fbd274ac9b151ce9e204fc607677e5ff65c2cec4c38b8da3d2797105af105fb", "Top 5% wealth": 15794370, "Top 5% ownership": 46.7670702988, "Top 5% accounts": 39, "Top 10% wealth": 24316859, "Top 10% ownership": 72.0021282457, "Top 10% accounts": 79, "Top 25% wealth": 30139094, "Top 25% ownership": 89.2417442317, "Top 25% accounts": 197, "Top 50% wealth": 30539779, "Top 50% ownership": 90.428171013, "Top 50% accounts": 394, "Date": "14 Apr 2021 20:00 UTC"}