{"Shift": 0.0, "Total": 45958190, "Accounts": 1269, "Max balance": 1944417, "Richest": "6e5ea8507e38be7250cde9b8ff1f7c8e39a1460de16b38e6f4d5562ae36b5c1a", "Top 5% wealth": 26683590, "Top 5% ownership": 58.060576363, "Top 5% accounts": 63, "Top 10% wealth": 36488271, "Top 10% ownership": 79.3944909493, "Top 10% accounts": 127, "Top 25% wealth": 42607962, "Top 25% ownership": 92.7102699214, "Top 25% accounts": 317, "Top 50% wealth": 42990757, "Top 50% ownership": 93.5431900168, "Top 50% accounts": 635, "Date": "03 Jan 2022 10:29 UTC"}