{"Shift": -14500.0, "Total": 37142169, "Accounts": 961, "Max balance": 800000, "Richest": "e249c7ae7e2ece6a1c2f8b50989cdc94b3bb60174add3445f2166e80d2fcd797", "Top 5% wealth": 19241286, "Top 5% ownership": 51.8044220842, "Top 5% accounts": 48, "Top 10% wealth": 27959628, "Top 10% ownership": 75.2773161955, "Top 10% accounts": 96, "Top 25% wealth": 33925503, "Top 25% ownership": 91.3395849338, "Top 25% accounts": 240, "Top 50% wealth": 34457921, "Top 50% ownership": 92.7730445683, "Top 50% accounts": 481, "Date": "30 Jun 2021 10:28 UTC"}