{"Shift": 902.0, "Total": 38572004, "Accounts": 1019, "Max balance": 815634, "Richest": "a2d73cf3b37a62276ade44a96860495510d0e7d7c468950d4e49ac8a62b3d31d", "Top 5% wealth": 20988534, "Top 5% ownership": 54.4139060029, "Top 5% accounts": 51, "Top 10% wealth": 29643594, "Top 10% ownership": 76.8526156951, "Top 10% accounts": 102, "Top 25% wealth": 35185120, "Top 25% ownership": 91.2193206244, "Top 25% accounts": 255, "Top 50% wealth": 35626130, "Top 50% ownership": 92.3626628266, "Top 50% accounts": 510, "Date": "20 Aug 2021 10:27 UTC"}