{"Shift": 117028.0, "Total": 6928994, "Accounts": 372, "Max balance": 233542, "Richest": "a2d73cf3b37a62276ade44a96860495510d0e7d7c468950d4e49ac8a62b3d31d", "Top 5% wealth": 2922044, "Top 5% ownership": 42.1712589158, "Top 5% accounts": 19, "Top 10% wealth": 4600726, "Top 10% ownership": 66.3981813233, "Top 10% accounts": 37, "Top 25% wealth": 6732796, "Top 25% ownership": 97.1684489841, "Top 25% accounts": 93, "Top 50% wealth": 6875201, "Top 50% ownership": 99.2236535347, "Top 50% accounts": 186, "Date": "09 Dec 2020 10:29 UTC"}