{"Shift": 0.0, "Total": 38254204, "Accounts": 1016, "Max balance": 800000, "Richest": "e249c7ae7e2ece6a1c2f8b50989cdc94b3bb60174add3445f2166e80d2fcd797", "Top 5% wealth": 20836253, "Top 5% ownership": 54.4678775697, "Top 5% accounts": 51, "Top 10% wealth": 29379341, "Top 10% ownership": 76.8002936357, "Top 10% accounts": 102, "Top 25% wealth": 34830190, "Top 25% ownership": 91.0493131683, "Top 25% accounts": 254, "Top 50% wealth": 35268306, "Top 50% ownership": 92.1945886, "Top 50% accounts": 508, "Date": "12 Aug 2021 10:27 UTC"}