{"Shift": 260.0, "Total": 36171003, "Accounts": 904, "Max balance": 1000000, "Richest": "0fbd274ac9b151ce9e204fc607677e5ff65c2cec4c38b8da3d2797105af105fb", "Top 5% wealth": 18116847, "Top 5% ownership": 50.0866591949, "Top 5% accounts": 45, "Top 10% wealth": 27156165, "Top 10% ownership": 75.0771688582, "Top 10% accounts": 90, "Top 25% wealth": 32904689, "Top 25% ownership": 90.9697997592, "Top 25% accounts": 226, "Top 50% wealth": 33287240, "Top 50% ownership": 92.0274176528, "Top 50% accounts": 452, "Date": "07 Jun 2021 11:23 UTC"}