{"Shift": 74798.0, "Total": 38450514, "Accounts": 1016, "Max balance": 809634, "Richest": "a2d73cf3b37a62276ade44a96860495510d0e7d7c468950d4e49ac8a62b3d31d", "Top 5% wealth": 20973851, "Top 5% ownership": 54.5476479196, "Top 5% accounts": 51, "Top 10% wealth": 29558395, "Top 10% ownership": 76.8738618163, "Top 10% accounts": 102, "Top 25% wealth": 35010772, "Top 25% ownership": 91.0541065849, "Top 25% accounts": 254, "Top 50% wealth": 35464647, "Top 50% ownership": 92.2345199339, "Top 50% accounts": 508, "Date": "15 Aug 2021 10:26 UTC"}