{"Shift": -1.0, "Total": 43957100, "Accounts": 1213, "Max balance": 1627842, "Richest": "6e5ea8507e38be7250cde9b8ff1f7c8e39a1460de16b38e6f4d5562ae36b5c1a", "Top 5% wealth": 25948929, "Top 5% ownership": 59.0323952217, "Top 5% accounts": 61, "Top 10% wealth": 35480285, "Top 10% ownership": 80.7157091801, "Top 10% accounts": 121, "Top 25% wealth": 40718053, "Top 25% ownership": 92.6313451069, "Top 25% accounts": 303, "Top 50% wealth": 41071013, "Top 50% ownership": 93.4343098157, "Top 50% accounts": 607, "Date": "19 Nov 2021 10:28 UTC"}