{"Shift": 0.0, "Total": 46588638, "Accounts": 1425, "Max balance": 810030, "Richest": "67077b2397f99fb6c63185af25cdf49d43736b22b7ea5dd68089a04cd4dbf8cf", "Top 5% wealth": 27626756, "Top 5% ownership": 59.2993424706, "Top 5% accounts": 71, "Top 10% wealth": 37638916, "Top 10% ownership": 80.7899041822, "Top 10% accounts": 143, "Top 25% wealth": 43566828, "Top 25% ownership": 93.5138477326, "Top 25% accounts": 356, "Top 50% wealth": 43842377, "Top 50% ownership": 94.105298807, "Top 50% accounts": 713, "Date": "08 Apr 2022 10:30 UTC"}