{"Shift": 191226.0, "Total": 30211711, "Accounts": 595, "Max balance": 600000, "Richest": "e49d214572d379e0e7137a9b47c950dcd813ef2aa72f250cf6de442e482683c7", "Top 5% wealth": 11480397, "Top 5% ownership": 37.9998239755, "Top 5% accounts": 30, "Top 10% wealth": 19801248, "Top 10% ownership": 65.5416305286, "Top 10% accounts": 60, "Top 25% wealth": 28240784, "Top 25% ownership": 93.4762814327, "Top 25% accounts": 149, "Top 50% wealth": 30092372, "Top 50% ownership": 99.6049909255, "Top 50% accounts": 298, "Date": "09 Mar 2021 10:35 UTC"}