{"Shift": 152.0, "Total": 41955025, "Accounts": 1135, "Max balance": 833431, "Richest": "6e5ea8507e38be7250cde9b8ff1f7c8e39a1460de16b38e6f4d5562ae36b5c1a", "Top 5% wealth": 23615787, "Top 5% ownership": 56.2883397162, "Top 5% accounts": 57, "Top 10% wealth": 32559228, "Top 10% ownership": 77.6050735281, "Top 10% accounts": 114, "Top 25% wealth": 37696654, "Top 25% ownership": 89.8501526337, "Top 25% accounts": 284, "Top 50% wealth": 38036575, "Top 50% ownership": 90.6603559407, "Top 50% accounts": 568, "Date": "17 Oct 2021 10:27 UTC"}