{"Shift": 0.0, "Total": 33326488, "Accounts": 739, "Max balance": 1134698, "Richest": "0fbd274ac9b151ce9e204fc607677e5ff65c2cec4c38b8da3d2797105af105fb", "Top 5% wealth": 15257077, "Top 5% ownership": 45.7806325107, "Top 5% accounts": 37, "Top 10% wealth": 23903465, "Top 10% ownership": 71.7251244716, "Top 10% accounts": 74, "Top 25% wealth": 30100097, "Top 25% ownership": 90.3188388768, "Top 25% accounts": 185, "Top 50% wealth": 30450835, "Top 50% ownership": 91.3712690038, "Top 50% accounts": 370, "Date": "10 Apr 2021 10:16 UTC"}