{"Shift": 2.0, "Total": 19929441, "Accounts": 478, "Max balance": 450900, "Richest": "02252d0bff25e51bdde628c89b48b0e270f4fa51c2dce45bf317d8801b1fdbea", "Top 5% wealth": 7169847, "Top 5% ownership": 35.9761570834, "Top 5% accounts": 24, "Top 10% wealth": 12784306, "Top 10% ownership": 64.1478403734, "Top 10% accounts": 48, "Top 25% wealth": 19263330, "Top 25% ownership": 96.6576533682, "Top 25% accounts": 120, "Top 50% wealth": 19846239, "Top 50% ownership": 99.5825171413, "Top 50% accounts": 239, "Date": "04 Feb 2021 10:29 UTC"}