{"Shift": 1196056.0, "Total": 8140324, "Accounts": 379, "Max balance": 253142, "Richest": "a2d73cf3b37a62276ade44a96860495510d0e7d7c468950d4e49ac8a62b3d31d", "Top 5% wealth": 3280920, "Top 5% ownership": 40.3045382469, "Top 5% accounts": 19, "Top 10% wealth": 5409359, "Top 10% ownership": 66.4513967749, "Top 10% accounts": 38, "Top 25% wealth": 7940391, "Top 25% ownership": 97.5439183993, "Top 25% accounts": 95, "Top 50% wealth": 8086893, "Top 50% ownership": 99.3436256346, "Top 50% accounts": 190, "Date": "14 Dec 2020 10:31 UTC"}