{"Shift": 0.0, "Total": 46486654, "Accounts": 1418, "Max balance": 810030, "Richest": "67077b2397f99fb6c63185af25cdf49d43736b22b7ea5dd68089a04cd4dbf8cf", "Top 5% wealth": 27495838, "Top 5% ownership": 59.1478104662, "Top 5% accounts": 71, "Top 10% wealth": 37560856, "Top 10% ownership": 80.7992246549, "Top 10% accounts": 142, "Top 25% wealth": 43419837, "Top 25% ownership": 93.4028011567, "Top 25% accounts": 355, "Top 50% wealth": 43676222, "Top 50% ownership": 93.9543250413, "Top 50% accounts": 709, "Date": "08 Mar 2022 10:27 UTC"}