{"Shift": 0.0, "Total": 38992468, "Accounts": 1030, "Max balance": 800000, "Richest": "e249c7ae7e2ece6a1c2f8b50989cdc94b3bb60174add3445f2166e80d2fcd797", "Top 5% wealth": 21158448, "Top 5% ownership": 54.2629104677, "Top 5% accounts": 52, "Top 10% wealth": 29763527, "Top 10% ownership": 76.3314776587, "Top 10% accounts": 103, "Top 25% wealth": 35213949, "Top 25% ownership": 90.3096182576, "Top 25% accounts": 258, "Top 50% wealth": 35644715, "Top 50% ownership": 91.4143598194, "Top 50% accounts": 515, "Date": "07 Sep 2021 10:27 UTC"}