{"Shift": 0.0, "Total": 41955231, "Accounts": 1148, "Max balance": 742821, "Richest": "0dc3388ddeb691506362c346509f4f68abd4d6f721b52c1199ff4eb8abcd887c", "Top 5% wealth": 23297426, "Top 5% ownership": 55.5292521211, "Top 5% accounts": 57, "Top 10% wealth": 32482770, "Top 10% ownership": 77.4224553787, "Top 10% accounts": 115, "Top 25% wealth": 37697527, "Top 25% ownership": 89.8517922592, "Top 25% accounts": 287, "Top 50% wealth": 38068553, "Top 50% ownership": 90.7361301383, "Top 50% accounts": 574, "Date": "28 Oct 2021 10:28 UTC"}