{"Shift": 676.0, "Total": 39453825, "Accounts": 1089, "Max balance": 742820, "Richest": "0dc3388ddeb691506362c346509f4f68abd4d6f721b52c1199ff4eb8abcd887c", "Top 5% wealth": 21403512, "Top 5% ownership": 54.2495233352, "Top 5% accounts": 54, "Top 10% wealth": 29998371, "Top 10% ownership": 76.0341259688, "Top 10% accounts": 109, "Top 25% wealth": 35018833, "Top 25% ownership": 88.7590316021, "Top 25% accounts": 272, "Top 50% wealth": 35372330, "Top 50% ownership": 89.6550081012, "Top 50% accounts": 545, "Date": "28 Sep 2021 10:27 UTC"}