{"Shift": 0.0, "Total": 43955649, "Accounts": 1168, "Max balance": 1963091, "Richest": "6e5ea8507e38be7250cde9b8ff1f7c8e39a1460de16b38e6f4d5562ae36b5c1a", "Top 5% wealth": 25168701, "Top 5% ownership": 57.2593092642, "Top 5% accounts": 58, "Top 10% wealth": 34525968, "Top 10% ownership": 78.547282967, "Top 10% accounts": 117, "Top 25% wealth": 39679808, "Top 25% ownership": 90.2723743199, "Top 25% accounts": 292, "Top 50% wealth": 40056045, "Top 50% ownership": 91.1283211857, "Top 50% accounts": 584, "Date": "10 Nov 2021 10:28 UTC"}