{"Shift": 5504.0, "Total": 6811966, "Accounts": 370, "Max balance": 233542, "Richest": "a2d73cf3b37a62276ade44a96860495510d0e7d7c468950d4e49ac8a62b3d31d", "Top 5% wealth": 2917093, "Top 5% ownership": 42.8230704616, "Top 5% accounts": 19, "Top 10% wealth": 4577890, "Top 10% ownership": 67.203653101, "Top 10% accounts": 37, "Top 25% wealth": 6623760, "Top 25% ownership": 97.2371265505, "Top 25% accounts": 93, "Top 50% wealth": 6758237, "Top 50% ownership": 99.2112556052, "Top 50% accounts": 185, "Date": "08 Dec 2020 10:28 UTC"}