{"Shift": 3004.0, "Total": 35214102, "Accounts": 832, "Max balance": 1234702, "Richest": "0fbd274ac9b151ce9e204fc607677e5ff65c2cec4c38b8da3d2797105af105fb", "Top 5% wealth": 17633040, "Top 5% ownership": 50.0738028191, "Top 5% accounts": 42, "Top 10% wealth": 26264878, "Top 10% ownership": 74.5862495656, "Top 10% accounts": 83, "Top 25% wealth": 31826896, "Top 25% ownership": 90.3811092499, "Top 25% accounts": 208, "Top 50% wealth": 32217183, "Top 50% ownership": 91.4894351132, "Top 50% accounts": 416, "Date": "13 May 2021 10:33 UTC"}