{"Shift": -5340.0, "Total": 36168539, "Accounts": 891, "Max balance": 1000000, "Richest": "0fbd274ac9b151ce9e204fc607677e5ff65c2cec4c38b8da3d2797105af105fb", "Top 5% wealth": 18225491, "Top 5% ownership": 50.3904539799, "Top 5% accounts": 45, "Top 10% wealth": 27135063, "Top 10% ownership": 75.0239400049, "Top 10% accounts": 89, "Top 25% wealth": 32849764, "Top 25% ownership": 90.824138625, "Top 25% accounts": 223, "Top 50% wealth": 33235007, "Top 50% ownership": 91.889271502, "Top 50% accounts": 446, "Date": "04 Jun 2021 11:31 UTC"}