{"Shift": 0.0, "Total": 46588638, "Accounts": 1425, "Max balance": 810030, "Richest": "67077b2397f99fb6c63185af25cdf49d43736b22b7ea5dd68089a04cd4dbf8cf", "Top 5% wealth": 27521697, "Top 5% ownership": 59.0738389905, "Top 5% accounts": 71, "Top 10% wealth": 37545654, "Top 10% ownership": 80.5897223267, "Top 10% accounts": 143, "Top 25% wealth": 43566849, "Top 25% ownership": 93.5138928079, "Top 25% accounts": 356, "Top 50% wealth": 43842374, "Top 50% ownership": 94.1052923676, "Top 50% accounts": 713, "Date": "06 Apr 2022 10:30 UTC"}