{"Shift": 281474967710736.0, "Total": 281474975854064, "Accounts": 387, "Max balance": 281474967708729, "Richest": "23676c35fce177aef2412e3ab12d22bf521ed423c6f55b8922c336500a1a27c5", "Top 5% wealth": 281474970871901, "Top 5% ownership": 99.99999823, "Top 5% accounts": 19, "Top 10% wealth": 281474973118473, "Top 10% ownership": 99.9999990281, "Top 10% accounts": 39, "Top 25% wealth": 281474975653491, "Top 25% ownership": 99.9999999287, "Top 25% accounts": 97, "Top 50% wealth": 281474975801138, "Top 50% ownership": 99.9999999812, "Top 50% accounts": 194, "Date": "16 Dec 2020 10:33 UTC"}