{"Shift": 0.0, "Total": 46588638, "Accounts": 1426, "Max balance": 810030, "Richest": "67077b2397f99fb6c63185af25cdf49d43736b22b7ea5dd68089a04cd4dbf8cf", "Top 5% wealth": 27521597, "Top 5% ownership": 59.0736243459, "Top 5% accounts": 71, "Top 10% wealth": 37546374, "Top 10% ownership": 80.5912677679, "Top 10% accounts": 143, "Top 25% wealth": 43547360, "Top 25% ownership": 93.47206072, "Top 25% accounts": 357, "Top 50% wealth": 43817325, "Top 50% ownership": 94.0515260395, "Top 50% accounts": 713, "Date": "04 Apr 2022 10:29 UTC"}