{"Shift": -22.0, "Total": 18044629, "Accounts": 463, "Max balance": 411700, "Richest": "02252d0bff25e51bdde628c89b48b0e270f4fa51c2dce45bf317d8801b1fdbea", "Top 5% wealth": 6569278, "Top 5% ownership": 36.405724939, "Top 5% accounts": 23, "Top 10% wealth": 11582944, "Top 10% ownership": 64.1905355882, "Top 10% accounts": 46, "Top 25% wealth": 17446211, "Top 25% ownership": 96.6836780075, "Top 25% accounts": 116, "Top 50% wealth": 17964168, "Top 50% ownership": 99.5541000039, "Top 50% accounts": 232, "Date": "31 Jan 2021 10:35 UTC"}