{"Shift": 57510.0, "Total": 18044651, "Accounts": 462, "Max balance": 411700, "Richest": "02252d0bff25e51bdde628c89b48b0e270f4fa51c2dce45bf317d8801b1fdbea", "Top 5% wealth": 6569274, "Top 5% ownership": 36.405658386, "Top 5% accounts": 23, "Top 10% wealth": 11582940, "Top 10% ownership": 64.19043516, "Top 10% accounts": 46, "Top 25% wealth": 17450211, "Top 25% ownership": 96.7057273649, "Top 25% accounts": 116, "Top 50% wealth": 17964228, "Top 50% ownership": 99.5543111363, "Top 50% accounts": 231, "Date": "30 Jan 2021 10:35 UTC"}