{"Shift": -6501.0, "Total": 35228390, "Accounts": 815, "Max balance": 1234702, "Richest": "0fbd274ac9b151ce9e204fc607677e5ff65c2cec4c38b8da3d2797105af105fb", "Top 5% wealth": 17393244, "Top 5% ownership": 49.3728041503, "Top 5% accounts": 41, "Top 10% wealth": 26060209, "Top 10% ownership": 73.9750212826, "Top 10% accounts": 82, "Top 25% wealth": 31819567, "Top 25% ownership": 90.3236480577, "Top 25% accounts": 204, "Top 50% wealth": 32277343, "Top 50% ownership": 91.6231000054, "Top 50% accounts": 408, "Date": "04 May 2021 10:30 UTC"}