{"Shift": 0.0, "Total": 43957824, "Accounts": 1247, "Max balance": 810029, "Richest": "67077b2397f99fb6c63185af25cdf49d43736b22b7ea5dd68089a04cd4dbf8cf", "Top 5% wealth": 25245982, "Top 5% ownership": 57.4322832723, "Top 5% accounts": 62, "Top 10% wealth": 34836394, "Top 10% ownership": 79.2495870587, "Top 10% accounts": 125, "Top 25% wealth": 40717755, "Top 25% ownership": 92.6291415153, "Top 25% accounts": 312, "Top 50% wealth": 41089194, "Top 50% ownership": 93.4741310216, "Top 50% accounts": 624, "Date": "17 Dec 2021 10:28 UTC"}