{"Shift": 50686.0, "Total": 33928799, "Accounts": 800, "Max balance": 1234702, "Richest": "0fbd274ac9b151ce9e204fc607677e5ff65c2cec4c38b8da3d2797105af105fb", "Top 5% wealth": 16291341, "Top 5% ownership": 48.0162619372, "Top 5% accounts": 40, "Top 10% wealth": 24602494, "Top 10% ownership": 72.5121275292, "Top 10% accounts": 80, "Top 25% wealth": 30381419, "Top 25% ownership": 89.5446343385, "Top 25% accounts": 200, "Top 50% wealth": 30760834, "Top 50% ownership": 90.6629026274, "Top 50% accounts": 400, "Date": "19 Apr 2021 10:16 UTC"}