{"Shift": 5002.0, "Total": 6806460, "Accounts": 368, "Max balance": 233542, "Richest": "a2d73cf3b37a62276ade44a96860495510d0e7d7c468950d4e49ac8a62b3d31d", "Top 5% wealth": 2819032, "Top 5% ownership": 41.4170067847, "Top 5% accounts": 18, "Top 10% wealth": 4577914, "Top 10% ownership": 67.2583692551, "Top 10% accounts": 37, "Top 25% wealth": 6613284, "Top 25% ownership": 97.1618726915, "Top 25% accounts": 92, "Top 50% wealth": 6751758, "Top 50% ownership": 99.1963223173, "Top 50% accounts": 184, "Date": "07 Dec 2020 21:55 UTC"}