{"Shift": -3600.0, "Total": 36202219, "Accounts": 870, "Max balance": 1000000, "Richest": "0fbd274ac9b151ce9e204fc607677e5ff65c2cec4c38b8da3d2797105af105fb", "Top 5% wealth": 18017312, "Top 5% ownership": 49.7685293821, "Top 5% accounts": 44, "Top 10% wealth": 26593739, "Top 10% ownership": 73.4588644967, "Top 10% accounts": 87, "Top 25% wealth": 31976367, "Top 25% ownership": 88.3270912206, "Top 25% accounts": 218, "Top 50% wealth": 32333062, "Top 50% ownership": 89.3123761281, "Top 50% accounts": 435, "Date": "26 May 2021 10:46 UTC"}