{"Shift": 0.0, "Total": 43957824, "Accounts": 1248, "Max balance": 810029, "Richest": "67077b2397f99fb6c63185af25cdf49d43736b22b7ea5dd68089a04cd4dbf8cf", "Top 5% wealth": 25215206, "Top 5% ownership": 57.3622707075, "Top 5% accounts": 62, "Top 10% wealth": 34779752, "Top 10% ownership": 79.1207317268, "Top 10% accounts": 125, "Top 25% wealth": 40707261, "Top 25% ownership": 92.605268632, "Top 25% accounts": 312, "Top 50% wealth": 41068294, "Top 50% ownership": 93.426585447, "Top 50% accounts": 624, "Date": "13 Dec 2021 10:29 UTC"}