{"Shift": 0.0, "Total": 41955181, "Accounts": 1147, "Max balance": 820921, "Richest": "6e5ea8507e38be7250cde9b8ff1f7c8e39a1460de16b38e6f4d5562ae36b5c1a", "Top 5% wealth": 23445609, "Top 5% ownership": 55.8825118643, "Top 5% accounts": 57, "Top 10% wealth": 32617973, "Top 10% ownership": 77.7448034368, "Top 10% accounts": 115, "Top 25% wealth": 37703148, "Top 25% ownership": 89.8652969701, "Top 25% accounts": 287, "Top 50% wealth": 38063322, "Top 50% ownership": 90.7237702061, "Top 50% accounts": 574, "Date": "24 Oct 2021 10:27 UTC"}