{"Shift": 48534.0, "Total": 33852331, "Accounts": 790, "Max balance": 1234702, "Richest": "0fbd274ac9b151ce9e204fc607677e5ff65c2cec4c38b8da3d2797105af105fb", "Top 5% wealth": 16227214, "Top 5% ownership": 47.9352928459, "Top 5% accounts": 40, "Top 10% wealth": 24460302, "Top 10% ownership": 72.2558868989, "Top 10% accounts": 79, "Top 25% wealth": 30226516, "Top 25% ownership": 89.2893195449, "Top 25% accounts": 198, "Top 50% wealth": 30619482, "Top 50% ownership": 90.4501435957, "Top 50% accounts": 395, "Date": "16 Apr 2021 10:16 UTC"}