{"Shift": 360679.0, "Total": 39453149, "Accounts": 1075, "Max balance": 742820, "Richest": "0dc3388ddeb691506362c346509f4f68abd4d6f721b52c1199ff4eb8abcd887c", "Top 5% wealth": 21402638, "Top 5% ownership": 54.2482375741, "Top 5% accounts": 54, "Top 10% wealth": 29968460, "Top 10% ownership": 75.9596147826, "Top 10% accounts": 108, "Top 25% wealth": 35151795, "Top 25% ownership": 89.0975648104, "Top 25% accounts": 269, "Top 50% wealth": 35541915, "Top 50% ownership": 90.0863832187, "Top 50% accounts": 538, "Date": "27 Sep 2021 10:27 UTC"}