{"Shift": 6012.0, "Total": 6944268, "Accounts": 377, "Max balance": 233542, "Richest": "a2d73cf3b37a62276ade44a96860495510d0e7d7c468950d4e49ac8a62b3d31d", "Top 5% wealth": 2912526, "Top 5% ownership": 41.9414400481, "Top 5% accounts": 19, "Top 10% wealth": 4678478, "Top 10% ownership": 67.3717949826, "Top 10% accounts": 38, "Top 25% wealth": 6748510, "Top 25% ownership": 97.1810131752, "Top 25% accounts": 94, "Top 50% wealth": 6891434, "Top 50% ownership": 99.2391710689, "Top 50% accounts": 189, "Date": "13 Dec 2020 10:30 UTC"}