{"Shift": 0.0, "Total": 45958190, "Accounts": 1268, "Max balance": 1944417, "Richest": "6e5ea8507e38be7250cde9b8ff1f7c8e39a1460de16b38e6f4d5562ae36b5c1a", "Top 5% wealth": 26684592, "Top 5% ownership": 58.0627566055, "Top 5% accounts": 63, "Top 10% wealth": 36482679, "Top 10% ownership": 79.3823233683, "Top 10% accounts": 127, "Top 25% wealth": 42652253, "Top 25% ownership": 92.8066422981, "Top 25% accounts": 317, "Top 50% wealth": 43042751, "Top 50% ownership": 93.6563232799, "Top 50% accounts": 634, "Date": "02 Jan 2022 10:27 UTC"}