{"Shift": 862490.0, "Total": 31591719, "Accounts": 662, "Max balance": 600000, "Richest": "e49d214572d379e0e7137a9b47c950dcd813ef2aa72f250cf6de442e482683c7", "Top 5% wealth": 12933224, "Top 5% ownership": 40.9386523095, "Top 5% accounts": 33, "Top 10% wealth": 21674247, "Top 10% ownership": 68.607368279, "Top 10% accounts": 66, "Top 25% wealth": 29889018, "Top 25% ownership": 94.610293286, "Top 25% accounts": 166, "Top 50% wealth": 31484553, "Top 50% ownership": 99.6607781932, "Top 50% accounts": 331, "Date": "15 Mar 2021 10:30 UTC"}