{"Shift": 20876.0, "Total": 33326329, "Accounts": 729, "Max balance": 1134698, "Richest": "0fbd274ac9b151ce9e204fc607677e5ff65c2cec4c38b8da3d2797105af105fb", "Top 5% wealth": 14944219, "Top 5% ownership": 44.8420796662, "Top 5% accounts": 36, "Top 10% wealth": 23726443, "Top 10% ownership": 71.194289056, "Top 10% accounts": 73, "Top 25% wealth": 29992822, "Top 25% ownership": 89.9973771489, "Top 25% accounts": 182, "Top 50% wealth": 30338050, "Top 50% ownership": 91.0332788229, "Top 50% accounts": 365, "Date": "07 Apr 2021 10:16 UTC"}