{"Shift": 988126.0, "Total": 37175939, "Accounts": 922, "Max balance": 1000000, "Richest": "0fbd274ac9b151ce9e204fc607677e5ff65c2cec4c38b8da3d2797105af105fb", "Top 5% wealth": 19435202, "Top 5% ownership": 52.2789807676, "Top 5% accounts": 46, "Top 10% wealth": 28401719, "Top 10% ownership": 76.3981213763, "Top 10% accounts": 92, "Top 25% wealth": 34008703, "Top 25% ownership": 91.480414254, "Top 25% accounts": 231, "Top 50% wealth": 34388990, "Top 50% ownership": 92.5033527734, "Top 50% accounts": 461, "Date": "13 Jun 2021 10:29 UTC"}