{"Shift": 3004.0, "Total": 8143328, "Accounts": 385, "Max balance": 253142, "Richest": "a2d73cf3b37a62276ade44a96860495510d0e7d7c468950d4e49ac8a62b3d31d", "Top 5% wealth": 3280902, "Top 5% ownership": 40.2894492276, "Top 5% accounts": 19, "Top 10% wealth": 5507607, "Top 10% ownership": 67.6333680775, "Top 10% accounts": 39, "Top 25% wealth": 7943307, "Top 25% ownership": 97.5437437863, "Top 25% accounts": 96, "Top 50% wealth": 8090319, "Top 50% ownership": 99.3490499216, "Top 50% accounts": 193, "Date": "15 Dec 2020 10:31 UTC"}