{"Shift": 0.0, "Total": 45958190, "Accounts": 1271, "Max balance": 1817815, "Richest": "6e5ea8507e38be7250cde9b8ff1f7c8e39a1460de16b38e6f4d5562ae36b5c1a", "Top 5% wealth": 26737500, "Top 5% ownership": 58.1778786327, "Top 5% accounts": 64, "Top 10% wealth": 36426394, "Top 10% ownership": 79.259853358, "Top 10% accounts": 127, "Top 25% wealth": 42725045, "Top 25% ownership": 92.9650297368, "Top 25% accounts": 318, "Top 50% wealth": 43134856, "Top 50% ownership": 93.8567336964, "Top 50% accounts": 636, "Date": "08 Jan 2022 10:28 UTC"}