{"Shift": 156.0, "Total": 38653068, "Accounts": 1022, "Max balance": 827634, "Richest": "a2d73cf3b37a62276ade44a96860495510d0e7d7c468950d4e49ac8a62b3d31d", "Top 5% wealth": 21028632, "Top 5% ownership": 54.4035262608, "Top 5% accounts": 51, "Top 10% wealth": 29705738, "Top 10% ownership": 76.8522126109, "Top 10% accounts": 102, "Top 25% wealth": 35264795, "Top 25% ownership": 91.2341421385, "Top 25% accounts": 256, "Top 50% wealth": 35712536, "Top 50% ownership": 92.3925003832, "Top 50% accounts": 511, "Date": "22 Aug 2021 10:26 UTC"}