{"Shift": 0.0, "Total": 32760669, "Accounts": 718, "Max balance": 1134698, "Richest": "0fbd274ac9b151ce9e204fc607677e5ff65c2cec4c38b8da3d2797105af105fb", "Top 5% wealth": 14740520, "Top 5% ownership": 44.9945634505, "Top 5% accounts": 36, "Top 10% wealth": 23353416, "Top 10% ownership": 71.2849178996, "Top 10% accounts": 72, "Top 25% wealth": 29292182, "Top 25% ownership": 89.4126490518, "Top 25% accounts": 180, "Top 50% wealth": 29559502, "Top 50% ownership": 90.2286275045, "Top 50% accounts": 359, "Date": "28 Mar 2021 10:16 UTC"}