{"Shift": -281464942956621.0, "Total": 30721725, "Accounts": 649, "Max balance": 600000, "Richest": "e49d214572d379e0e7137a9b47c950dcd813ef2aa72f250cf6de442e482683c7", "Top 5% wealth": 12272949, "Top 5% ownership": 39.9487626427, "Top 5% accounts": 32, "Top 10% wealth": 21170387, "Top 10% ownership": 68.9101507158, "Top 10% accounts": 65, "Top 25% wealth": 29120670, "Top 25% ownership": 94.7885250584, "Top 25% accounts": 162, "Top 50% wealth": 30619239, "Top 50% ownership": 99.6664054509, "Top 50% accounts": 325, "Date": "12 Mar 2021 14:23 UTC"}