{"Shift": 208.0, "Total": 35211098, "Accounts": 826, "Max balance": 1234702, "Richest": "0fbd274ac9b151ce9e204fc607677e5ff65c2cec4c38b8da3d2797105af105fb", "Top 5% wealth": 17358681, "Top 5% ownership": 49.2988915029, "Top 5% accounts": 41, "Top 10% wealth": 26277197, "Top 10% ownership": 74.6275989462, "Top 10% accounts": 83, "Top 25% wealth": 31840763, "Top 25% ownership": 90.4282024946, "Top 25% accounts": 207, "Top 50% wealth": 32253501, "Top 50% ownership": 91.6003840607, "Top 50% accounts": 413, "Date": "11 May 2021 10:31 UTC"}