{"Shift": 126926.0, "Total": 38872786, "Accounts": 1025, "Max balance": 848034, "Richest": "a2d73cf3b37a62276ade44a96860495510d0e7d7c468950d4e49ac8a62b3d31d", "Top 5% wealth": 21089731, "Top 5% ownership": 54.2532017129, "Top 5% accounts": 51, "Top 10% wealth": 30007323, "Top 10% ownership": 77.1936516204, "Top 10% accounts": 103, "Top 25% wealth": 35480584, "Top 25% ownership": 91.2735814716, "Top 25% accounts": 256, "Top 50% wealth": 35935229, "Top 50% ownership": 92.4431529039, "Top 50% accounts": 513, "Date": "29 Aug 2021 10:26 UTC"}