{"Shift": 24068.0, "Total": 37450347, "Accounts": 994, "Max balance": 800000, "Richest": "e249c7ae7e2ece6a1c2f8b50989cdc94b3bb60174add3445f2166e80d2fcd797", "Top 5% wealth": 19875769, "Top 5% ownership": 53.0723226677, "Top 5% accounts": 50, "Top 10% wealth": 28234738, "Top 10% ownership": 75.3924603155, "Top 10% accounts": 99, "Top 25% wealth": 34082997, "Top 25% ownership": 91.0084945274, "Top 25% accounts": 249, "Top 50% wealth": 34570708, "Top 50% ownership": 92.3107815263, "Top 50% accounts": 497, "Date": "12 Jul 2021 10:27 UTC"}