{"Shift": 0.0, "Total": 43957824, "Accounts": 1251, "Max balance": 810029, "Richest": "67077b2397f99fb6c63185af25cdf49d43736b22b7ea5dd68089a04cd4dbf8cf", "Top 5% wealth": 25302230, "Top 5% ownership": 57.5602422904, "Top 5% accounts": 63, "Top 10% wealth": 34729728, "Top 10% ownership": 79.0069317353, "Top 10% accounts": 125, "Top 25% wealth": 40659331, "Top 25% ownership": 92.4962322976, "Top 25% accounts": 313, "Top 50% wealth": 41034152, "Top 50% ownership": 93.3489155423, "Top 50% accounts": 626, "Date": "23 Dec 2021 10:28 UTC"}