{"Shift": 2007.0, "Total": 8145335, "Accounts": 386, "Max balance": 253140, "Richest": "a2d73cf3b37a62276ade44a96860495510d0e7d7c468950d4e49ac8a62b3d31d", "Top 5% wealth": 3280857, "Top 5% ownership": 40.278969496, "Top 5% accounts": 19, "Top 10% wealth": 5508062, "Top 10% ownership": 67.6222893227, "Top 10% accounts": 39, "Top 25% wealth": 7949762, "Top 25% ownership": 97.598956949, "Top 25% accounts": 97, "Top 50% wealth": 8092409, "Top 50% ownership": 99.350229303, "Top 50% accounts": 193, "Date": "16 Dec 2020 10:55 UTC"}