{"Shift": 121512.0, "Total": 38375716, "Accounts": 1016, "Max balance": 800000, "Richest": "e249c7ae7e2ece6a1c2f8b50989cdc94b3bb60174add3445f2166e80d2fcd797", "Top 5% wealth": 20918153, "Top 5% ownership": 54.5088279265, "Top 5% accounts": 51, "Top 10% wealth": 29501797, "Top 10% ownership": 76.8762125507, "Top 10% accounts": 102, "Top 25% wealth": 34945316, "Top 25% ownership": 91.061013689, "Top 25% accounts": 254, "Top 50% wealth": 35389348, "Top 50% ownership": 92.2180787454, "Top 50% accounts": 508, "Date": "14 Aug 2021 10:26 UTC"}