{"Shift": 0.0, "Total": 9668197, "Accounts": 397, "Max balance": 272740, "Richest": "a2d73cf3b37a62276ade44a96860495510d0e7d7c468950d4e49ac8a62b3d31d", "Top 5% wealth": 3806644, "Top 5% ownership": 39.3728427338, "Top 5% accounts": 20, "Top 10% wealth": 6390595, "Top 10% ownership": 66.0991392707, "Top 10% accounts": 40, "Top 25% wealth": 9425754, "Top 25% ownership": 97.4923659499, "Top 25% accounts": 99, "Top 50% wealth": 9611994, "Top 50% ownership": 99.4186816839, "Top 50% accounts": 199, "Date": "24 Dec 2020 10:40 UTC"}