{"Shift": 0.0, "Total": 43957824, "Accounts": 1254, "Max balance": 810029, "Richest": "67077b2397f99fb6c63185af25cdf49d43736b22b7ea5dd68089a04cd4dbf8cf", "Top 5% wealth": 25301978, "Top 5% ownership": 57.5596690136, "Top 5% accounts": 63, "Top 10% wealth": 34732476, "Top 10% ownership": 79.0131831821, "Top 10% accounts": 125, "Top 25% wealth": 40660201, "Top 25% ownership": 92.4982114674, "Top 25% accounts": 314, "Top 50% wealth": 41033929, "Top 50% ownership": 93.3484082379, "Top 50% accounts": 627, "Date": "24 Dec 2021 10:29 UTC"}