{"Shift": -14404.0, "Total": 36181883, "Accounts": 884, "Max balance": 1000000, "Richest": "0fbd274ac9b151ce9e204fc607677e5ff65c2cec4c38b8da3d2797105af105fb", "Top 5% wealth": 18146825, "Top 5% ownership": 50.1544516077, "Top 5% accounts": 44, "Top 10% wealth": 27190155, "Top 10% ownership": 75.1485349726, "Top 10% accounts": 88, "Top 25% wealth": 32969381, "Top 25% ownership": 91.1212415341, "Top 25% accounts": 221, "Top 50% wealth": 33350478, "Top 50% ownership": 92.174522813, "Top 50% accounts": 442, "Date": "30 May 2021 11:03 UTC"}