{"Shift": 0.0, "Total": 46588638, "Accounts": 1424, "Max balance": 810030, "Richest": "67077b2397f99fb6c63185af25cdf49d43736b22b7ea5dd68089a04cd4dbf8cf", "Top 5% wealth": 27521509, "Top 5% ownership": 59.0734354587, "Top 5% accounts": 71, "Top 10% wealth": 37446382, "Top 10% ownership": 80.3766403302, "Top 10% accounts": 142, "Top 25% wealth": 43447415, "Top 25% ownership": 93.2575341653, "Top 25% accounts": 356, "Top 50% wealth": 43717326, "Top 50% ownership": 93.8368835766, "Top 50% accounts": 712, "Date": "30 Mar 2022 10:29 UTC"}