{"Shift": 1587762.0, "Total": 12875507, "Accounts": 418, "Max balance": 311940, "Richest": "a2d73cf3b37a62276ade44a96860495510d0e7d7c468950d4e49ac8a62b3d31d", "Top 5% wealth": 4771774, "Top 5% ownership": 37.0608629237, "Top 5% accounts": 21, "Top 10% wealth": 8289420, "Top 10% ownership": 64.3813094117, "Top 10% accounts": 42, "Top 25% wealth": 12504884, "Top 25% ownership": 97.1214881092, "Top 25% accounts": 105, "Top 50% wealth": 12808823, "Top 50% ownership": 99.4820864142, "Top 50% accounts": 209, "Date": "04 Jan 2021 10:46 UTC"}