{"Shift": -2.0, "Total": 41955231, "Accounts": 1149, "Max balance": 742821, "Richest": "0dc3388ddeb691506362c346509f4f68abd4d6f721b52c1199ff4eb8abcd887c", "Top 5% wealth": 23309428, "Top 5% ownership": 55.5578588043, "Top 5% accounts": 57, "Top 10% wealth": 32494772, "Top 10% ownership": 77.4510620618, "Top 10% accounts": 115, "Top 25% wealth": 37702230, "Top 25% ownership": 89.8630018269, "Top 25% accounts": 287, "Top 50% wealth": 38063551, "Top 50% ownership": 90.7242079063, "Top 50% accounts": 575, "Date": "27 Oct 2021 10:27 UTC"}