{"Shift": 0.0, "Total": 37142169, "Accounts": 965, "Max balance": 800000, "Richest": "e249c7ae7e2ece6a1c2f8b50989cdc94b3bb60174add3445f2166e80d2fcd797", "Top 5% wealth": 19261485, "Top 5% ownership": 51.8588050149, "Top 5% accounts": 48, "Top 10% wealth": 28024937, "Top 10% ownership": 75.4531513763, "Top 10% accounts": 97, "Top 25% wealth": 33930418, "Top 25% ownership": 91.3528178712, "Top 25% accounts": 241, "Top 50% wealth": 34459716, "Top 50% ownership": 92.7778773501, "Top 50% accounts": 483, "Date": "02 Jul 2021 10:27 UTC"}