{"Shift": 31800.0, "Total": 34240285, "Accounts": 813, "Max balance": 1234702, "Richest": "0fbd274ac9b151ce9e204fc607677e5ff65c2cec4c38b8da3d2797105af105fb", "Top 5% wealth": 16609119, "Top 5% ownership": 48.5075372474, "Top 5% accounts": 41, "Top 10% wealth": 24853161, "Top 10% ownership": 72.5845623072, "Top 10% accounts": 81, "Top 25% wealth": 30647241, "Top 25% ownership": 89.5063840736, "Top 25% accounts": 203, "Top 50% wealth": 31097050, "Top 50% ownership": 90.8200676484, "Top 50% accounts": 407, "Date": "29 Apr 2021 10:16 UTC"}