{"Shift": 0.0, "Total": 44905359, "Accounts": 1303, "Max balance": 810029, "Richest": "67077b2397f99fb6c63185af25cdf49d43736b22b7ea5dd68089a04cd4dbf8cf", "Top 5% wealth": 25365189, "Top 5% ownership": 56.4858840122, "Top 5% accounts": 65, "Top 10% wealth": 35319709, "Top 10% ownership": 78.6536613592, "Top 10% accounts": 130, "Top 25% wealth": 41751461, "Top 25% ownership": 92.9765665608, "Top 25% accounts": 326, "Top 50% wealth": 42130708, "Top 50% ownership": 93.8211138675, "Top 50% accounts": 652, "Date": "31 Jan 2022 10:26 UTC"}