{"Shift": 0.0, "Total": 45146479, "Accounts": 1309, "Max balance": 810029, "Richest": "67077b2397f99fb6c63185af25cdf49d43736b22b7ea5dd68089a04cd4dbf8cf", "Top 5% wealth": 25432239, "Top 5% ownership": 56.3327186601, "Top 5% accounts": 65, "Top 10% wealth": 35557547, "Top 10% ownership": 78.7603990114, "Top 10% accounts": 131, "Top 25% wealth": 41984703, "Top 25% ownership": 92.9966277104, "Top 25% accounts": 327, "Top 50% wealth": 42371900, "Top 50% ownership": 93.854273774, "Top 50% accounts": 655, "Date": "03 Feb 2022 10:26 UTC"}