{"Shift": 0.0, "Total": 35210890, "Accounts": 819, "Max balance": 1234702, "Richest": "0fbd274ac9b151ce9e204fc607677e5ff65c2cec4c38b8da3d2797105af105fb", "Top 5% wealth": 17421720, "Top 5% ownership": 49.4782154044, "Top 5% accounts": 41, "Top 10% wealth": 26163998, "Top 10% ownership": 74.3065511835, "Top 10% accounts": 82, "Top 25% wealth": 31821519, "Top 25% ownership": 90.3740831317, "Top 25% accounts": 205, "Top 50% wealth": 32247812, "Top 50% ownership": 91.5847682351, "Top 50% accounts": 410, "Date": "10 May 2021 10:31 UTC"}