{"Shift": 358440.0, "Total": 10033395, "Accounts": 409, "Max balance": 272740, "Richest": "a2d73cf3b37a62276ade44a96860495510d0e7d7c468950d4e49ac8a62b3d31d", "Top 5% wealth": 3797140, "Top 5% ownership": 37.8450165672, "Top 5% accounts": 20, "Top 10% wealth": 6504691, "Top 10% ownership": 64.8304088496, "Top 10% accounts": 41, "Top 25% wealth": 9713966, "Top 25% ownership": 96.8163418265, "Top 25% accounts": 102, "Top 50% wealth": 9970006, "Top 50% ownership": 99.3682198299, "Top 50% accounts": 205, "Date": "28 Dec 2020 10:39 UTC"}