{"Shift": 0.0, "Total": 43958188, "Accounts": 1262, "Max balance": 810029, "Richest": "67077b2397f99fb6c63185af25cdf49d43736b22b7ea5dd68089a04cd4dbf8cf", "Top 5% wealth": 24939268, "Top 5% ownership": 56.7340673824, "Top 5% accounts": 63, "Top 10% wealth": 34592921, "Top 10% ownership": 78.6950567662, "Top 10% accounts": 126, "Top 25% wealth": 40641648, "Top 25% ownership": 92.4552395108, "Top 25% accounts": 316, "Top 50% wealth": 41020011, "Top 50% ownership": 93.3159733518, "Top 50% accounts": 631, "Date": "27 Dec 2021 10:31 UTC"}