{"Shift": 0.0, "Total": 43957824, "Accounts": 1249, "Max balance": 810029, "Richest": "67077b2397f99fb6c63185af25cdf49d43736b22b7ea5dd68089a04cd4dbf8cf", "Top 5% wealth": 25229925, "Top 5% ownership": 57.3957550765, "Top 5% accounts": 62, "Top 10% wealth": 34831550, "Top 10% ownership": 79.238567405, "Top 10% accounts": 125, "Top 25% wealth": 40639147, "Top 25% ownership": 92.450315557, "Top 25% accounts": 312, "Top 50% wealth": 40999146, "Top 50% ownership": 93.2692801172, "Top 50% accounts": 625, "Date": "20 Dec 2021 10:29 UTC"}