{"Shift": 1293734.0, "Total": 19338363, "Accounts": 466, "Max balance": 475600, "Richest": "f37aaaa15fe0cec8e7cf1809cc884610122c5d8886486b6c2492555229442a46", "Top 5% wealth": 7070078, "Top 5% ownership": 36.5598577294, "Top 5% accounts": 23, "Top 10% wealth": 12745026, "Top 10% ownership": 65.9054026445, "Top 10% accounts": 47, "Top 25% wealth": 18721103, "Top 25% ownership": 96.8081062497, "Top 25% accounts": 117, "Top 50% wealth": 19257049, "Top 50% ownership": 99.5795197349, "Top 50% accounts": 233, "Date": "01 Feb 2021 10:36 UTC"}