{"Shift": 2.0, "Total": 21968964, "Accounts": 504, "Max balance": 490100, "Richest": "02252d0bff25e51bdde628c89b48b0e270f4fa51c2dce45bf317d8801b1fdbea", "Top 5% wealth": 7947078, "Top 5% ownership": 36.1741136268, "Top 5% accounts": 25, "Top 10% wealth": 14149099, "Top 10% ownership": 64.4049441749, "Top 10% accounts": 50, "Top 25% wealth": 21035348, "Top 25% ownership": 95.7502957354, "Top 25% accounts": 126, "Top 50% wealth": 21878278, "Top 50% ownership": 99.587208573, "Top 50% accounts": 252, "Date": "12 Feb 2021 10:29 UTC"}