{"Shift": 0.0, "Total": 37624578, "Accounts": 1001, "Max balance": 800000, "Richest": "e249c7ae7e2ece6a1c2f8b50989cdc94b3bb60174add3445f2166e80d2fcd797", "Top 5% wealth": 19960963, "Top 5% ownership": 53.052988395, "Top 5% accounts": 50, "Top 10% wealth": 28479432, "Top 10% ownership": 75.6936915013, "Top 10% accounts": 100, "Top 25% wealth": 34217230, "Top 25% ownership": 90.9438240078, "Top 25% accounts": 250, "Top 50% wealth": 34687769, "Top 50% ownership": 92.194440028, "Top 50% accounts": 501, "Date": "17 Jul 2021 10:26 UTC"}