{"Shift": 572.0, "Total": 43956737, "Accounts": 1196, "Max balance": 1963092, "Richest": "6e5ea8507e38be7250cde9b8ff1f7c8e39a1460de16b38e6f4d5562ae36b5c1a", "Top 5% wealth": 25895594, "Top 5% ownership": 58.9115475064, "Top 5% accounts": 60, "Top 10% wealth": 35520335, "Top 10% ownership": 80.8074880535, "Top 10% accounts": 120, "Top 25% wealth": 40728683, "Top 25% ownership": 92.6562929364, "Top 25% accounts": 299, "Top 50% wealth": 41076850, "Top 50% ownership": 93.4483603731, "Top 50% accounts": 598, "Date": "14 Nov 2021 10:27 UTC"}