{"Shift": 0.0, "Total": 21949360, "Accounts": 492, "Max balance": 490100, "Richest": "02252d0bff25e51bdde628c89b48b0e270f4fa51c2dce45bf317d8801b1fdbea", "Top 5% wealth": 7964384, "Top 5% ownership": 36.2852675431, "Top 5% accounts": 25, "Top 10% wealth": 13956619, "Top 10% ownership": 63.5855396239, "Top 10% accounts": 49, "Top 25% wealth": 21021697, "Top 25% ownership": 95.7736216455, "Top 25% accounts": 123, "Top 50% wealth": 21861187, "Top 50% ownership": 99.5982889706, "Top 50% accounts": 246, "Date": "09 Feb 2021 10:28 UTC"}