{"Shift": 0.0, "Total": 14509487, "Accounts": 430, "Max balance": 333300, "Richest": "02252d0bff25e51bdde628c89b48b0e270f4fa51c2dce45bf317d8801b1fdbea", "Top 5% wealth": 5378882, "Top 5% ownership": 37.0714829546, "Top 5% accounts": 22, "Top 10% wealth": 9260842, "Top 10% ownership": 63.826115975, "Top 10% accounts": 43, "Top 25% wealth": 14100604, "Top 25% ownership": 97.1819610163, "Top 25% accounts": 108, "Top 50% wealth": 14438348, "Top 50% ownership": 99.5097069938, "Top 50% accounts": 215, "Date": "14 Jan 2021 11:07 UTC"}