{"Shift": 0.0, "Total": 43957824, "Accounts": 1254, "Max balance": 810029, "Richest": "67077b2397f99fb6c63185af25cdf49d43736b22b7ea5dd68089a04cd4dbf8cf", "Top 5% wealth": 25706479, "Top 5% ownership": 58.4798715241, "Top 5% accounts": 63, "Top 10% wealth": 35550900, "Top 10% ownership": 80.8750223851, "Top 10% accounts": 125, "Top 25% wealth": 41030462, "Top 25% ownership": 93.3405211323, "Top 25% accounts": 314, "Top 50% wealth": 41389108, "Top 50% ownership": 94.1564077421, "Top 50% accounts": 627, "Date": "08 Dec 2021 10:28 UTC"}