{"Shift": 0.0, "Total": 44878489, "Accounts": 1294, "Max balance": 810029, "Richest": "67077b2397f99fb6c63185af25cdf49d43736b22b7ea5dd68089a04cd4dbf8cf", "Top 5% wealth": 25320114, "Top 5% ownership": 56.4192658091, "Top 5% accounts": 65, "Top 10% wealth": 35329219, "Top 10% ownership": 78.7219440476, "Top 10% accounts": 129, "Top 25% wealth": 41734513, "Top 25% ownership": 92.9944700233, "Top 25% accounts": 324, "Top 50% wealth": 42134419, "Top 50% ownership": 93.8855561737, "Top 50% accounts": 647, "Date": "24 Jan 2022 10:26 UTC"}