{"Shift": 3.0, "Total": 33326332, "Accounts": 730, "Max balance": 1134698, "Richest": "0fbd274ac9b151ce9e204fc607677e5ff65c2cec4c38b8da3d2797105af105fb", "Top 5% wealth": 15255983, "Top 5% ownership": 45.7775641196, "Top 5% accounts": 37, "Top 10% wealth": 23744150, "Top 10% ownership": 71.247414807, "Top 10% accounts": 73, "Top 25% wealth": 29990025, "Top 25% ownership": 89.9889762846, "Top 25% accounts": 183, "Top 50% wealth": 30312104, "Top 50% ownership": 90.9554162756, "Top 50% accounts": 365, "Date": "08 Apr 2021 10:16 UTC"}