{"Shift": 0.0, "Total": 33997845, "Accounts": 803, "Max balance": 1234702, "Richest": "0fbd274ac9b151ce9e204fc607677e5ff65c2cec4c38b8da3d2797105af105fb", "Top 5% wealth": 16274422, "Top 5% ownership": 47.8689811075, "Top 5% accounts": 40, "Top 10% wealth": 24588287, "Top 10% ownership": 72.3230751831, "Top 10% accounts": 80, "Top 25% wealth": 30319491, "Top 25% ownership": 89.1806260073, "Top 25% accounts": 201, "Top 50% wealth": 30744903, "Top 50% ownership": 90.4319170818, "Top 50% accounts": 402, "Date": "22 Apr 2021 10:16 UTC"}