{"Shift": 19602.0, "Total": 21968962, "Accounts": 495, "Max balance": 490100, "Richest": "02252d0bff25e51bdde628c89b48b0e270f4fa51c2dce45bf317d8801b1fdbea", "Top 5% wealth": 7963380, "Top 5% ownership": 36.2483216094, "Top 5% accounts": 25, "Top 10% wealth": 14171215, "Top 10% ownership": 64.505619337, "Top 10% accounts": 50, "Top 25% wealth": 20986987, "Top 25% ownership": 95.5301711569, "Top 25% accounts": 124, "Top 50% wealth": 21879784, "Top 50% ownership": 99.594072765, "Top 50% accounts": 248, "Date": "10 Feb 2021 10:28 UTC"}