{"Shift": -5500.0, "Total": 35234891, "Accounts": 816, "Max balance": 1234702, "Richest": "0fbd274ac9b151ce9e204fc607677e5ff65c2cec4c38b8da3d2797105af105fb", "Top 5% wealth": 17427564, "Top 5% ownership": 49.4610980917, "Top 5% accounts": 41, "Top 10% wealth": 26077329, "Top 10% ownership": 74.0099607517, "Top 10% accounts": 82, "Top 25% wealth": 31825395, "Top 25% ownership": 90.3235233508, "Top 25% accounts": 204, "Top 50% wealth": 32283844, "Top 50% ownership": 91.6246455821, "Top 50% accounts": 408, "Date": "03 May 2021 10:32 UTC"}