{"Shift": 27606.0, "Total": 19957047, "Accounts": 482, "Max balance": 450900, "Richest": "02252d0bff25e51bdde628c89b48b0e270f4fa51c2dce45bf317d8801b1fdbea", "Top 5% wealth": 7174847, "Top 5% ownership": 35.9514461233, "Top 5% accounts": 24, "Top 10% wealth": 12789306, "Top 10% ownership": 64.084160347, "Top 10% accounts": 48, "Top 25% wealth": 19255194, "Top 25% ownership": 96.4831821061, "Top 25% accounts": 121, "Top 50% wealth": 19873210, "Top 50% ownership": 99.5799127997, "Top 50% accounts": 241, "Date": "05 Feb 2021 10:28 UTC"}