{"Shift": 0.0, "Total": 43957772, "Accounts": 1249, "Max balance": 1325333, "Richest": "6e5ea8507e38be7250cde9b8ff1f7c8e39a1460de16b38e6f4d5562ae36b5c1a", "Top 5% wealth": 25866962, "Top 5% ownership": 58.8450251755, "Top 5% accounts": 62, "Top 10% wealth": 35769193, "Top 10% ownership": 81.3717151088, "Top 10% accounts": 125, "Top 25% wealth": 40933545, "Top 25% ownership": 93.1201540424, "Top 25% accounts": 312, "Top 50% wealth": 41251132, "Top 50% ownership": 93.8426360644, "Top 50% accounts": 625, "Date": "02 Dec 2021 10:28 UTC"}