{"Shift": 1256.0, "Total": 16242146, "Accounts": 448, "Max balance": 390953, "Richest": "a2d73cf3b37a62276ade44a96860495510d0e7d7c468950d4e49ac8a62b3d31d", "Top 5% wealth": 5895922, "Top 5% ownership": 36.3001416192, "Top 5% accounts": 22, "Top 10% wealth": 10522184, "Top 10% ownership": 64.7832127602, "Top 10% accounts": 45, "Top 25% wealth": 15719135, "Top 25% ownership": 96.7799144276, "Top 25% accounts": 112, "Top 50% wealth": 16164344, "Top 50% ownership": 99.5209869435, "Top 50% accounts": 224, "Date": "22 Jan 2021 11:07 UTC"}