{"Shift": 312.0, "Total": 45490044, "Accounts": 1380, "Max balance": 810030, "Richest": "67077b2397f99fb6c63185af25cdf49d43736b22b7ea5dd68089a04cd4dbf8cf", "Top 5% wealth": 26558444, "Top 5% ownership": 58.3829815597, "Top 5% accounts": 69, "Top 10% wealth": 36433890, "Top 10% ownership": 80.0920087041, "Top 10% accounts": 138, "Top 25% wealth": 42373087, "Top 25% ownership": 93.148045757, "Top 25% accounts": 345, "Top 50% wealth": 42663182, "Top 50% ownership": 93.7857567251, "Top 50% accounts": 690, "Date": "20 Feb 2022 10:26 UTC"}