{"Shift": 3014.0, "Total": 19929439, "Accounts": 474, "Max balance": 450900, "Richest": "02252d0bff25e51bdde628c89b48b0e270f4fa51c2dce45bf317d8801b1fdbea", "Top 5% wealth": 7169847, "Top 5% ownership": 35.9761606937, "Top 5% accounts": 24, "Top 10% wealth": 12577510, "Top 10% ownership": 63.1102059621, "Top 10% accounts": 47, "Top 25% wealth": 19240154, "Top 25% ownership": 96.5413727903, "Top 25% accounts": 119, "Top 50% wealth": 19846056, "Top 50% ownership": 99.5816088953, "Top 50% accounts": 237, "Date": "03 Feb 2021 10:32 UTC"}