{"Shift": 31380.0, "Total": 33803797, "Accounts": 789, "Max balance": 1234702, "Richest": "0fbd274ac9b151ce9e204fc607677e5ff65c2cec4c38b8da3d2797105af105fb", "Top 5% wealth": 15905463, "Top 5% ownership": 47.0522971133, "Top 5% accounts": 39, "Top 10% wealth": 24431752, "Top 10% ownership": 72.2751707449, "Top 10% accounts": 79, "Top 25% wealth": 30174674, "Top 25% ownership": 89.2641557397, "Top 25% accounts": 197, "Top 50% wealth": 30571056, "Top 50% ownership": 90.4367518241, "Top 50% accounts": 395, "Date": "15 Apr 2021 10:16 UTC"}