{"Shift": 2.0, "Total": 32564413, "Accounts": 701, "Max balance": 1090298, "Richest": "0fbd274ac9b151ce9e204fc607677e5ff65c2cec4c38b8da3d2797105af105fb", "Top 5% wealth": 14362205, "Top 5% ownership": 44.1039886087, "Top 5% accounts": 35, "Top 10% wealth": 22847228, "Top 10% ownership": 70.1601100563, "Top 10% accounts": 70, "Top 25% wealth": 28708087, "Top 25% ownership": 88.1578519472, "Top 25% accounts": 175, "Top 50% wealth": 28939918, "Top 50% ownership": 88.8697671289, "Top 50% accounts": 351, "Date": "21 Mar 2021 11:59 UTC"}