{"Shift": 0.0, "Total": 11248721, "Accounts": 411, "Max balance": 292340, "Richest": "a2d73cf3b37a62276ade44a96860495510d0e7d7c468950d4e49ac8a62b3d31d", "Top 5% wealth": 4340938, "Top 5% ownership": 38.5905028669, "Top 5% accounts": 21, "Top 10% wealth": 7307787, "Top 10% ownership": 64.9654925213, "Top 10% accounts": 41, "Top 25% wealth": 10903397, "Top 25% ownership": 96.9301043203, "Top 25% accounts": 103, "Top 50% wealth": 11183937, "Top 50% ownership": 99.4240767461, "Top 50% accounts": 206, "Date": "30 Dec 2020 10:41 UTC"}