{"Shift": 95926.0, "Total": 45610972, "Accounts": 1384, "Max balance": 810030, "Richest": "67077b2397f99fb6c63185af25cdf49d43736b22b7ea5dd68089a04cd4dbf8cf", "Top 5% wealth": 26524881, "Top 5% ownership": 58.1546058698, "Top 5% accounts": 69, "Top 10% wealth": 36376833, "Top 10% ownership": 79.7545665109, "Top 10% accounts": 138, "Top 25% wealth": 42475852, "Top 25% ownership": 93.126390729, "Top 25% accounts": 346, "Top 50% wealth": 42784015, "Top 50% ownership": 93.8020242147, "Top 50% accounts": 692, "Date": "23 Feb 2022 10:27 UTC"}