{"Shift": 0.0, "Total": 35208310, "Accounts": 843, "Max balance": 1000000, "Richest": "0fbd274ac9b151ce9e204fc607677e5ff65c2cec4c38b8da3d2797105af105fb", "Top 5% wealth": 16699910, "Top 5% ownership": 47.4317284755, "Top 5% accounts": 42, "Top 10% wealth": 25237210, "Top 10% ownership": 71.6796972078, "Top 10% accounts": 84, "Top 25% wealth": 30680088, "Top 25% ownership": 87.1387692281, "Top 25% accounts": 211, "Top 50% wealth": 31096615, "Top 50% ownership": 88.3218052784, "Top 50% accounts": 422, "Date": "20 May 2021 10:34 UTC"}