{"Shift": 0.0, "Total": 46588638, "Accounts": 1424, "Max balance": 810030, "Richest": "67077b2397f99fb6c63185af25cdf49d43736b22b7ea5dd68089a04cd4dbf8cf", "Top 5% wealth": 27626756, "Top 5% ownership": 59.2993424706, "Top 5% accounts": 71, "Top 10% wealth": 37580907, "Top 10% ownership": 80.6653909908, "Top 10% accounts": 142, "Top 25% wealth": 43661827, "Top 25% ownership": 93.7177579649, "Top 25% accounts": 356, "Top 50% wealth": 43942617, "Top 50% ownership": 94.3204585633, "Top 50% accounts": 712, "Date": "09 Apr 2022 10:27 UTC"}