{"Shift": 2.0, "Total": 38745860, "Accounts": 1025, "Max balance": 827634, "Richest": "a2d73cf3b37a62276ade44a96860495510d0e7d7c468950d4e49ac8a62b3d31d", "Top 5% wealth": 20995081, "Top 5% ownership": 54.1866434246, "Top 5% accounts": 51, "Top 10% wealth": 29810423, "Top 10% ownership": 76.9383438644, "Top 10% accounts": 103, "Top 25% wealth": 35332497, "Top 25% ownership": 91.1903800819, "Top 25% accounts": 256, "Top 50% wealth": 35803106, "Top 50% ownership": 92.4049846874, "Top 50% accounts": 513, "Date": "27 Aug 2021 10:27 UTC"}