{"Shift": 0.0, "Total": 38254204, "Accounts": 1016, "Max balance": 800000, "Richest": "e249c7ae7e2ece6a1c2f8b50989cdc94b3bb60174add3445f2166e80d2fcd797", "Top 5% wealth": 20861253, "Top 5% ownership": 54.5332298641, "Top 5% accounts": 51, "Top 10% wealth": 29411497, "Top 10% ownership": 76.8843523708, "Top 10% accounts": 102, "Top 25% wealth": 34827508, "Top 25% ownership": 91.0423021742, "Top 25% accounts": 254, "Top 50% wealth": 35268281, "Top 50% ownership": 92.1945232477, "Top 50% accounts": 508, "Date": "13 Aug 2021 10:27 UTC"}