{"Shift": 7502.0, "Total": 8252839, "Accounts": 387, "Max balance": 253140, "Richest": "a2d73cf3b37a62276ade44a96860495510d0e7d7c468950d4e49ac8a62b3d31d", "Top 5% wealth": 3280853, "Top 5% ownership": 39.754234876, "Top 5% accounts": 19, "Top 10% wealth": 5511791, "Top 10% ownership": 66.7866051913, "Top 10% accounts": 39, "Top 25% wealth": 8052248, "Top 25% ownership": 97.56943035, "Top 25% accounts": 97, "Top 50% wealth": 8199902, "Top 50% ownership": 99.358560127, "Top 50% accounts": 194, "Date": "18 Dec 2020 10:36 UTC"}