{"Shift": 0.0, "Total": 35211098, "Accounts": 827, "Max balance": 1234702, "Richest": "0fbd274ac9b151ce9e204fc607677e5ff65c2cec4c38b8da3d2797105af105fb", "Top 5% wealth": 17327542, "Top 5% ownership": 49.2104563169, "Top 5% accounts": 41, "Top 10% wealth": 26264578, "Top 10% ownership": 74.5917608136, "Top 10% accounts": 83, "Top 25% wealth": 31811166, "Top 25% ownership": 90.3441466097, "Top 25% accounts": 207, "Top 50% wealth": 32214402, "Top 50% ownership": 91.4893423659, "Top 50% accounts": 414, "Date": "12 May 2021 10:32 UTC"}