{"Shift": 0.0, "Total": 43957101, "Accounts": 1213, "Max balance": 1627842, "Richest": "6e5ea8507e38be7250cde9b8ff1f7c8e39a1460de16b38e6f4d5562ae36b5c1a", "Top 5% wealth": 25949936, "Top 5% ownership": 59.0346847487, "Top 5% accounts": 61, "Top 10% wealth": 35470791, "Top 10% ownership": 80.6941090132, "Top 10% accounts": 121, "Top 25% wealth": 40712265, "Top 25% ownership": 92.6181756163, "Top 25% accounts": 303, "Top 50% wealth": 41069471, "Top 50% ownership": 93.4307997245, "Top 50% accounts": 607, "Date": "17 Nov 2021 10:28 UTC"}