{"Shift": 0.0, "Total": 45146895, "Accounts": 1318, "Max balance": 810029, "Richest": "67077b2397f99fb6c63185af25cdf49d43736b22b7ea5dd68089a04cd4dbf8cf", "Top 5% wealth": 25655938, "Top 5% ownership": 56.8276910295, "Top 5% accounts": 66, "Top 10% wealth": 35622151, "Top 10% ownership": 78.9027706114, "Top 10% accounts": 132, "Top 25% wealth": 41971078, "Top 25% ownership": 92.9655915429, "Top 25% accounts": 330, "Top 50% wealth": 42336789, "Top 50% ownership": 93.7756383911, "Top 50% accounts": 659, "Date": "08 Feb 2022 10:26 UTC"}