{"Shift": -4792.0, "Total": 37173565, "Accounts": 941, "Max balance": 819391, "Richest": "5ad13fd8cc674da7a3ad35426e0fcfe3a3157a044ebda0f54b9b32ee873ea921", "Top 5% wealth": 19326505, "Top 5% ownership": 51.9899154144, "Top 5% accounts": 47, "Top 10% wealth": 28268499, "Top 10% ownership": 76.044627412, "Top 10% accounts": 94, "Top 25% wealth": 33970760, "Top 25% ownership": 91.3841865853, "Top 25% accounts": 235, "Top 50% wealth": 34403332, "Top 50% ownership": 92.5478414567, "Top 50% accounts": 471, "Date": "17 Jun 2021 10:30 UTC"}