{"Shift": 0.0, "Total": 35240391, "Accounts": 814, "Max balance": 1234702, "Richest": "0fbd274ac9b151ce9e204fc607677e5ff65c2cec4c38b8da3d2797105af105fb", "Top 5% wealth": 17503278, "Top 5% ownership": 49.6682287095, "Top 5% accounts": 41, "Top 10% wealth": 25973486, "Top 10% ownership": 73.7037395527, "Top 10% accounts": 81, "Top 25% wealth": 31845061, "Top 25% ownership": 90.3652317592, "Top 25% accounts": 204, "Top 50% wealth": 32294296, "Top 50% ownership": 91.6400047888, "Top 50% accounts": 407, "Date": "02 May 2021 10:31 UTC"}