{"Shift": 312.0, "Total": 44882303, "Accounts": 1300, "Max balance": 810029, "Richest": "67077b2397f99fb6c63185af25cdf49d43736b22b7ea5dd68089a04cd4dbf8cf", "Top 5% wealth": 25247400, "Top 5% ownership": 56.2524610201, "Top 5% accounts": 65, "Top 10% wealth": 35365467, "Top 10% ownership": 78.796016773, "Top 10% accounts": 130, "Top 25% wealth": 41747054, "Top 25% ownership": 93.0145095273, "Top 25% accounts": 325, "Top 50% wealth": 42137751, "Top 50% ownership": 93.8850018458, "Top 50% accounts": 650, "Date": "26 Jan 2022 10:27 UTC"}