{"Shift": 33826.0, "Total": 38484340, "Accounts": 1016, "Max balance": 815634, "Richest": "a2d73cf3b37a62276ade44a96860495510d0e7d7c468950d4e49ac8a62b3d31d", "Top 5% wealth": 20996251, "Top 5% ownership": 54.5579084895, "Top 5% accounts": 51, "Top 10% wealth": 29589495, "Top 10% ownership": 76.8871052485, "Top 10% accounts": 102, "Top 25% wealth": 35042684, "Top 25% ownership": 91.0569961704, "Top 25% accounts": 254, "Top 50% wealth": 35494455, "Top 50% ownership": 92.2309048304, "Top 50% accounts": 508, "Date": "16 Aug 2021 10:27 UTC"}