{"Shift": 39672.0, "Total": 37490019, "Accounts": 995, "Max balance": 800000, "Richest": "e249c7ae7e2ece6a1c2f8b50989cdc94b3bb60174add3445f2166e80d2fcd797", "Top 5% wealth": 19885769, "Top 5% ownership": 53.0428352144, "Top 5% accounts": 50, "Top 10% wealth": 28355902, "Top 10% ownership": 75.6358699098, "Top 10% accounts": 100, "Top 25% wealth": 34124822, "Top 25% ownership": 91.0237522152, "Top 25% accounts": 249, "Top 50% wealth": 34610455, "Top 50% ownership": 92.3191183232, "Top 50% accounts": 498, "Date": "13 Jul 2021 10:27 UTC"}