{"Shift": -5.0, "Total": 45146890, "Accounts": 1373, "Max balance": 810030, "Richest": "67077b2397f99fb6c63185af25cdf49d43736b22b7ea5dd68089a04cd4dbf8cf", "Top 5% wealth": 26367630, "Top 5% ownership": 58.4040894068, "Top 5% accounts": 69, "Top 10% wealth": 36042175, "Top 10% ownership": 79.833129148, "Top 10% accounts": 137, "Top 25% wealth": 42077110, "Top 25% ownership": 93.2004618701, "Top 25% accounts": 343, "Top 50% wealth": 42385331, "Top 50% ownership": 93.8831689182, "Top 50% accounts": 687, "Date": "09 Feb 2022 10:26 UTC"}