{"Shift": 0.0, "Total": 41955647, "Accounts": 1161, "Max balance": 793279, "Richest": "67077b2397f99fb6c63185af25cdf49d43736b22b7ea5dd68089a04cd4dbf8cf", "Top 5% wealth": 23421700, "Top 5% ownership": 55.8249048096, "Top 5% accounts": 58, "Top 10% wealth": 32481508, "Top 10% ownership": 77.4186797787, "Top 10% accounts": 116, "Top 25% wealth": 37704699, "Top 25% ownership": 89.8679956002, "Top 25% accounts": 290, "Top 50% wealth": 38067983, "Top 50% ownership": 90.733871891, "Top 50% accounts": 581, "Date": "02 Nov 2021 10:28 UTC"}