{"Shift": -3896.0, "Total": 35208310, "Accounts": 841, "Max balance": 1234702, "Richest": "0fbd274ac9b151ce9e204fc607677e5ff65c2cec4c38b8da3d2797105af105fb", "Top 5% wealth": 17652231, "Top 5% ownership": 50.1365473094, "Top 5% accounts": 42, "Top 10% wealth": 26326335, "Top 10% ownership": 74.773072039, "Top 10% accounts": 84, "Top 25% wealth": 31830917, "Top 25% ownership": 90.4073981398, "Top 25% accounts": 210, "Top 50% wealth": 32260300, "Top 50% ownership": 91.6269482971, "Top 50% accounts": 421, "Date": "17 May 2021 10:34 UTC"}