{"Shift": 85004.0, "Total": 38569344, "Accounts": 1020, "Max balance": 815634, "Richest": "a2d73cf3b37a62276ade44a96860495510d0e7d7c468950d4e49ac8a62b3d31d", "Top 5% wealth": 20987648, "Top 5% ownership": 54.4153615887, "Top 5% accounts": 51, "Top 10% wealth": 29593478, "Top 10% ownership": 76.7279785728, "Top 10% accounts": 102, "Top 25% wealth": 35122942, "Top 25% ownership": 91.0644007842, "Top 25% accounts": 255, "Top 50% wealth": 35573495, "Top 50% ownership": 92.2325642873, "Top 50% accounts": 510, "Date": "17 Aug 2021 10:27 UTC"}