{"Shift": 0.0, "Total": 38070438, "Accounts": 1009, "Max balance": 800000, "Richest": "e249c7ae7e2ece6a1c2f8b50989cdc94b3bb60174add3445f2166e80d2fcd797", "Top 5% wealth": 20388154, "Top 5% ownership": 53.5537678868, "Top 5% accounts": 50, "Top 10% wealth": 29065972, "Top 10% ownership": 76.3478791602, "Top 10% accounts": 101, "Top 25% wealth": 34665452, "Top 25% ownership": 91.0560892417, "Top 25% accounts": 252, "Top 50% wealth": 35140191, "Top 50% ownership": 92.3030909179, "Top 50% accounts": 505, "Date": "02 Aug 2021 10:27 UTC"}