{"Shift": 104.0, "Total": 32506819, "Accounts": 723, "Max balance": 1134698, "Richest": "0fbd274ac9b151ce9e204fc607677e5ff65c2cec4c38b8da3d2797105af105fb", "Top 5% wealth": 14658680, "Top 5% ownership": 45.0941693188, "Top 5% accounts": 36, "Top 10% wealth": 23224338, "Top 10% ownership": 71.4445113808, "Top 10% accounts": 72, "Top 25% wealth": 29124789, "Top 25% ownership": 89.5959367787, "Top 25% accounts": 181, "Top 50% wealth": 29399747, "Top 50% ownership": 90.4417839223, "Top 50% accounts": 362, "Date": "04 Apr 2021 10:16 UTC"}