{"Shift": 3256.0, "Total": 6932250, "Accounts": 374, "Max balance": 233542, "Richest": "a2d73cf3b37a62276ade44a96860495510d0e7d7c468950d4e49ac8a62b3d31d", "Top 5% wealth": 2922030, "Top 5% ownership": 42.1512495943, "Top 5% accounts": 19, "Top 10% wealth": 4595710, "Top 10% ownership": 66.2946373832, "Top 10% accounts": 37, "Top 25% wealth": 6736530, "Top 25% ownership": 97.17667424, "Top 25% accounts": 94, "Top 50% wealth": 6877439, "Top 50% ownership": 99.2093331891, "Top 50% accounts": 187, "Date": "10 Dec 2020 10:30 UTC"}