{"Shift": 13022.0, "Total": 37661114, "Accounts": 1003, "Max balance": 800000, "Richest": "e249c7ae7e2ece6a1c2f8b50989cdc94b3bb60174add3445f2166e80d2fcd797", "Top 5% wealth": 19984061, "Top 5% ownership": 53.0628515131, "Top 5% accounts": 50, "Top 10% wealth": 28487542, "Top 10% ownership": 75.6417932831, "Top 10% accounts": 100, "Top 25% wealth": 34299492, "Top 25% ownership": 91.074023992, "Top 25% accounts": 251, "Top 50% wealth": 34770909, "Top 50% ownership": 92.325758075, "Top 50% accounts": 502, "Date": "19 Jul 2021 10:27 UTC"}